Title,Director,Cast,Country,Subgenre/notes,Anno
13 Assassins,Takashi Miike,"Kōji Yakusho, Takayuki Yamada, Yusuke Iseya",Japan,Martial arts[1],2010
14 Blades,Daniel Lee,"Donnie Yen, Zhao Wei, Wu Chun",China Hong Kong,Martial arts[2],2010
22 Bullets,Richard Berry,"Jean Reno, Kad Merad, Richard Berry",France,Action thriller,2010
Alien vs Ninja,Seiji Chiba,"Masanori Mimoto, Mika Hijii, Shuji Kashiwabara",Japan,[3][4],2010
The A-Team,Joe Carnahan,"Liam Neeson, Bradley Cooper, Quinton Jackson",United States,[5],2010
Bad Blood,Dennis Law,"Simon Yam, Bernice Liu, Andy On",Hong Kong,[6],2010
Bangkok Knockout,Panna Rittikrai,"Sorapong Chatree, Supaksorn Chaimongkol, Kiattisak Udomnak",Thailand,[7],2010
Batman: Under the Red Hood,Brandon Vietti,"Bruce Greenwood, Jensen Ackles, John DiMaggio",United States,Animated superhero film[8],2010
Blades of Blood,Lee Joon-ik,"Cha Seung-won, Hwang Jung-min, Baek Sung-hyun",South Korea,[9],2010
The Book of Eli,"Albert Hughes, Allen Hughes","Denzel Washington, Gary Oldman, Mila Kunis",United States,[10],2010
The Bounty Hunter,Andy Tennant,"Jennifer Aniston, Gerard Butler, Giovanni Perez",United States,Action comedy[11],2010
"The Butcher, the Chef and the Swordsman",Wuershan,"Masanobu Andō, Kitty Zhang, You Benchang",China United States Hong Kong,[12],2010
Cop Out,Kevin Smith,"Bruce Willis, Tracy Morgan, Seann William Scott",United States,Action comedy[13],2010
Centurion,Neil Marshall,"Michael Fassbender, Olga Kurylenko, Dominic West",United Kingdom,[14],2010
Clash of the Titans,Louis Leterrier,"Sam Worthington, Mads Mikkelsen, Ralph Fiennes, Liam Neeson",United States Australia,Fantasy action,2010
The Crazies,Breck Eisner,"Timothy Olyphant, Radha Mitchell, Danielle Panabaker",United States,Action thriller[16],2010
Death Race 2,Roel Reiné,"Luke Goss, Frederick Koehler, Tanit Phoenix, Robin Shou, Ving Rhames, Sean Bean",United States,Science fiction action,2010
Dante's Inferno: An Animated Epic,"Mike Disa, Shukō Murase, Yosuomi Umetsu","Steve Blum, Graham McTavish, Peter Jessop",Japan,Animated film[17],2010
Date Night,Shawn Levy,"Steve Carell, Tina Fey, Mark Wahlberg",United States,Action comedy[18],2010
The Expendables,Sylvester Stallone,"Sylvester Stallone, Jason Statham, Jet Li",United States,[19],2010
Faster,George Tillman Jr.,"Dwayne Johnson, Maggie Grace, Billy Bob Thornton",United States,[20],2010
From Paris With Love,Pierre Morel,"John Travolta, Jonathan Rhys Meyers, Kasia Smutniak",France United States,[22],2010
Gallants,"Derek Kwok, Clement Cheng","Leung Siu-lung, Chen Kuan-tai, Teddy Robin",Hong Kong,[23],2010
Gothic & Lolita Psycho,Go Ohara,Rina Akiyama,Japan,[24],2010
Hunt to Kill,Keoni Waxman,"Steve Austin, Gary Daniels, Eric Roberts",Canada,,2010
Inception,Christopher Nolan,"Leonardo DiCaprio, Joseph Gordon-Levitt",United States,Science fiction action[25],2010
Ip Man 2,Wilson Yip,"Donnie Yen, Sammo Hung, Fan Siu-Wong, Huang Xiaoming",Hong Kong,[26],2010
Iron Man 2,Jon Favreau,"Robert Downey Jr., Scarlett Johansson, Don Cheadle",United States,[27],2010
Just Call Me Nobody,Kevin Chu,"Xiao Shen Yang, Kelly Lin, Banny Chen",Taiwan China,[28],2010
Justice League: Crisis on Two Earths,"Lauren Montgomery, Sam Liu","William Baldwin, Mark Harmon, Chris Noth",United States,Animated superhero film[29],2010
Kick-Ass,Matthew Vaughn,"Nicolas Cage, Mark Strong, Christopher Mintz-Plasse",United States,[30],2010
Killers,Robert Luketic,"Ashton Kutcher, Katherine Heigl, Tom Selleck",United States,[31],2010
The King of Fighters,Gordon Chan,"Maggie Q, Sean Faris, Will Yun Lee",Japan Taiwan United States Germany,[32],2010
Knight and Day,James Mangold,"Tom Cruise, Cameron Diaz, Peter Sarsgaard",United States,[33],2010
The Last Airbender,M. Night Shyamalan,"Noah Ringer, Nicola Peltz, Jackson Rathbone",United States,Martial arts film[34],2010
Last Kung Fu Monk,Peng Zhang Li,"Peng Zhang Li, Hu Sang, Kristen Dougherty, Johan Karlberg, Justin Morck, Binglei Li",China United States,Action Adventure Martial arts film[35],2010
Let the Bullets Fly,Jiang Wen,"Chow Yun-fat, Jiang Wen, Ge You",China Hong Kong,[37],2010
Little Big Soldier,Sheng Ding,"Jackie Chan, Wang Lee Hom, Du Yuming",Hong Kong China,[38],2010
The Losers,Sylvain White,"Jeffrey Dean Morgan, Chris Evans, Jason Patric",United States,[39],2010
MacGruber,Jorma Taccone,"Will Forte, Ryan Phillippe, Kristen Wiig",United States,Action comedy[40],2010
Machete,"Robert Rodriguez, Ethan Maniquis","Danny Trejo, Robert De Niro, Jessica Alba",United States,[41],2010
The Man from Nowhere,Lee Jeong-beom,"Won Bin, Kim Sae-on",South Korea,Action thriller[42],2010
Mutant Girls Squad,"Noboru Iguchi, Yoshihiro Nishimura, Tak Sakaguchi","Yumi Sugimoto, Yuko Takayama, Suzuka Morita",Japan,[43][44],2010
Ong Bak 3,"Tony Jaa, Panna Rittikrai","Tony Jaa, Primrata Det-Udom, Dan Chupong",Thailand,[45][46],2010
Operation: Endgame,Fouad Mikati,"Joe Anderson, Ellen Barkin, Ving Rhames",United States,Action comedy[47],2010
The Other Guys,Adam McKay,"Will Ferrell, Mark Wahlberg, Dwayne Johnson",United States,[48],2010
Piranha 3D,Alexandre Aja,"Elisabeth Shue, Adam Scott, Jerry O'Connell",United States,Action thriller[49],2010
Point Blank,Fred Cavayé,"Gilles Lellouche, Roschdy Zem, Gérard Lanvin",France,Action thriller[50],2010
Predators,Nimród Antal,"Adrien Brody, Alice Braga, Danny Trejo",United States,[51],2010
Red,Robert Schwentke,"Bruce Willis, Morgan Freeman, John Malkovich",United States,[52],2010
The Red Eagle,Wisit Sasanatieng,"Ananda Everingham, Yarinda Bunnag, Pornwut Sarasin",Thailand,[53],2010
Red: Werewolf Hunter,Sheldon Wilson,"Felicia Day, Kavan Smith, Steven McHattie",Canada,Action horror[54],2010
Reign of Assassins,"John Woo, Su Chao-Pin","Michelle Yeoh, Jung Woo-Sung, Wang Xueqi",China,[55][56],2010
Repo Men,Miguel Sapochnik,"Jude Law, Forest Whitaker, Alice Braga",United States,Science fiction action[57],2010
Resident Evil: Afterlife,Paul W. S. Anderson,"Milla Jovovich, Ali Larter, Wentworth Miller",Germany United Kingdom Canada France,Science fiction action,2010
Salt,Phillip Noyce,"Angelina Jolie, Liev Schreiber, Chiwetel Ejiofor",United States,[58],2010
Scott Pilgrim vs. the World,Edgar Wright,"Michael Cera, Mary Elizabeth Winstead, Kieran Culkin",United States,Action comedy[59],2010
Shank,Mo Ali,"Kedar Williams-Stirling, Bashy, Adam Deacon, Kaya Scodelario",United Kingdom,[60],2010
Sinners and Saints,William Kaufman,"Johnny Strong, Sean Patrick Flanery, Kevin Phillips",United States,Action thriller,2010
Smokin' Aces 2: Assassins' Ball,P. J. Pesce,"Tom Berenger, Clayne Crawford, Tommy Flanagan",United States,[61],2010
The Spy Next Door,Brian Levant,"Jackie Chan, Amber Valletta, Madeline Carroll",United States,Action comedy[62],2010
Stake Land,Jim Mickle,"Connor Paolo, Nick Damici, Kelly McGillis",United States,Action thriller[63],2010
The Stool Pigeon,Dante Lam,"Nick Cheung, Nicholas Tse, Gwei Lun-mei",China Hong Kong,[64][65],2010
Superman/Batman: Apocalypse,Lauren Montgomery,"Kevin Conroy, Tim Daly, Summer Glau",United States,Animated superhero film[66],2010
Tekken,Dwight H. Little,"Luke Goss, Cary-Hiroyuki Tagawa",United States,[67],2010
True Legend,Yuen Woo Ping,"Vincent Zhao, Zhou Xun, Andy On",Hong Kong China,[69],2010
Undisputed III: Redemption,Isaac Florentine,"Scott Adkins, Marko Zaror, Mark Ivanir",United States,Martial arts film,2010
Unstoppable,Tony Scott,"Denzel Washington, Chris Pine, Rosario Dawson",United States,[70],2010
Vampire Warriors,Dennis Law,"Yuen Wah, Jiang Luxia, Chrissie Chau",Hong Kong,[71],2010
The Warrior's Way,Sngmoo Lee,"Jang Dong-gun, Kate Bosworth, Danny Huston",New Zealand,[72],2010
Yamada: The Samurai of Ayothaya,Nopporn Watin,"Sorapong Chatree, Kanokkorn Jaicheun, Buakaw Banchamek",Thailand,Martial arts film,2010
The Yellow Sea,Na Hong-jin,"Ha Jung-woo, Kim Yoon-seok, Jo Sung-ha",South Korea,[73],2010
30 Minutes or Less,Ruben Fleischer,"Jesse Eisenberg, Danny McBride, Aziz Ansari",United States,Action comedy[75],2011
All-Star Superman,Sam Liu,"James Denton, Christina Hendricks, Anthony LaPaglia",United States,[76],2011
All Superheroes Must Die,Jason Trost,"Jason Trost, Lucas Till, James Remar",United States,Superhero film[77],2011
Attack the Block,Joe Cornish,"Jodie Whittaker, John Boyega, Alex Esmail",United Kingdom,[78],2011
Amsterdam Heavy,Michael Wright,"Michael Madsen, Alison Carroll, Alistair Overeem, Semmy Schilt",Netherlands,[79],2011
Bangkok Revenge,Jean-Marc Minéo,"Jon Foo, Caroline Ducey, Michaël Cohen",Thailand,Martial arts film,2011
Batman: Year One,Sam Liu,"Bryan Cranston, Ben McKenzie, Eliza Dushku",United States,Animated superhero film[80],2011
Battle: Los Angeles,Jonathan Liebesman,"Aaron Eckhart, Michelle Rodriguez, Bridget Moynahan, Ramón Rodríguez",United States,[81],2011
Battlefield Heroes,Lee Joon-ik,"Jung Jin-young, Lee Moon-sik, Ryu Seung-ryong",South Korea,[82],2011
Bbuddah... Hoga Terra Baap,Poori Jagannath,"Amitabh Bachchan, Hema Malini, Raveena Tandon",India,[83],2011
Bodyguard,Siddique,"Salman Khan, Kareena Kapoor, Raj Babbar",India,[84],2011
Captain America: The First Avenger,Joe Johnston,"Chris Evans, Hugo Weaving, Tommy Lee Jones",United States,[85],2011
Colombiana,Olivier Megaton,"Zoe Saldana, Jordi Mollà, Michael Vartan",France,[86],2011
Conan the Barbarian,Marcus Nispel,"Jason Momoa, Stephen Lang, Rachel Nichols",United States,[87],2011
Contagion,Steven Soderbergh,"Matt Damon, Gwyneth Paltrow, Kate Winslet",United States,[88],2011
Countdown,Huh Jong-ho,"Jung Jae-young, Jeon Do-yeon, Lee Geung-young",South Korea,[89],2011
The Darkest Hour,Chris Gorak,"Emile Hirsch, Olivia Thirlby, Max Minghella",United States,[90],2011
Dear God No!,James Bickert,"Jett Bryant, Madeline Brumby, Paul McComiskey",United States,[91],2011
Don 2: The King is Back,Farhan Akhtar,"Shah Rukh Khan, Priyanka Chopra, Boman Irani",India Germany,[92],2011
Drive Angry,Patrick Lussier,"Nicolas Cage, Amber Heard, William Fichtner",United States,[93],2011
Fast Five,Justin Lin,"Vin Diesel, Paul Walker, Dwayne Johnson",United States,[94],2011
Flying Swords of Dragon Gate,Tsui Hark,"Jet Li, Zhou Xun, Aloys Chen",Hong Kong China,[95],2011
The Green Hornet,Michel Gondry,"Seth Rogen, Jay Chou, Cameron Diaz",United States,Action comedy[96],2011
Green Lantern,Martin Campbell,"Ryan Reynolds, Blake Lively, Peter Sarsgaard",United States,Superhero film[97],2011
Green Lantern: Emerald Knights,Christopher Berkeley,"Nathan Fillion, Elisabeth Moss, Jason Isaacs",United States,Animated superhero film[98],2011
Hanna,Joe Wright,"Saoirse Ronan, Eric Bana, Tom Hollander",United States,[99],2011
He-Man,Sheng Ding,Liu Ye,China,[100],2011
Hobo with a Shotgun,Jason Eisener,"Rutger Hauer, Molly Dunsworth, Gregory Smith",Canada United States,[101],2011
I Am Number Four,D. J. Caruso,"Alex Pettyfer, Timothy Olyphant, Teresa Palmer",United States,Action thriller[102],2011
Immortals,Tarsem Singh,"Henry Cavill, Stephen Dorff, Luke Evans, Mickey Rourke",United States,Fantasy action,2011
Karate Girl,Kimura Yoshikatsu,"Rina Takeda, Hina Tobimatsu, Naka Tatsuya",Japan,Martial arts film[103],2011
Karate-Robo Zaborgar,Noboru Iguchi,"Itsuji Itao, Mami Yamasaki, Asami",Japan,[104][105],2011
The Kick,Prachya Pinkaew,"Cho Jae-hyun, Ye Ji-won, Petchtai Wongkamlao",South Korea Thailand,[106],2011
Killer Elite,Gary McKendry,"Jason Statham, Clive Owen, Robert De Niro",Australia United States,[107],2011
Largo Winch II,Jérôme Salle,"Tomer Gazit Sisley, Sharon Stone, Ulrich Tukur",France,[108],2011
A Lonely Place to Die,Julian Gilbey,"Melissa George, Ed Speleers, Eamonn Walker",United Kingdom,Action thriller[109],2011
The Lost Bladesman,"Alan Mak, Felix Chong","Donnie Yen, Jiang Wen, Betty Sun",Hong Kong China,[110],2011
Manborg,Steven Kostanski,"Matthew Kennedy, Adam Brooks, Meredith Sweeney",Canada,Science fiction[111],2011
Manila Kingpin: The Asiong Salonga Story,Tikoy Aguiluz,"Jeorge ""E.R."" Estregan, Carla Abellana, Phillip Salvador, John Regala, Ronnie Lazaro, Baron Geisler, Joko Diaz, Archie Adamos, Yul Servo, Dennis Padilla",Philippines,Biographical action film,2011
The Mechanic,Simon West,"Jason Statham, Ben Foster, Tony Goldwyn",United States,[112],2011
Mission: Impossible – Ghost Protocol,Brad Bird,"Tom Cruise, Jeremy Renner, Ving Rhames",United States,[113],2011
''Monster Brawl'',Jesse Thomas Cook,"Dave Foley, Art Hindle, Robert Maillett",Canada,[114],2011
Mr. & Mrs. Incredible,Vincent Kok,"Louis Koo, Sandra Ng, Wen Zhang",Hong Kong China,[115],2011
My Kingdom,Gao Xiaosong,"Wu Chun, Han Geng, Barbie Hsu",Hong Kong United States China,[116],2011
My Own Swordsman,Shang Jing,"Yan Ni, Yao Chen, Sha Yi",China,[117],2011
Never Back Down 2,Michael Jai White,"Michael Jai White, Evan Peters, Alex Meraz",United States,Martial arts film,2011
Ninja Kids!!!,Takashi Miike,"Seishiro Kato, Takuya Mizoguchi, Futa Kimura",Japan,[118][119],2011
No Limit,Fu Huayang,"Hans Zhang, Zheng Shuang, Shi Yanneng",China,[120],2011
Quick,Jo Bum-gu,"Lee Min-ki, Kang Ye-won, Kim In-kwon",South Korea,[121],2011
The Raid: Redemption,Gareth Evans,"Iko Uwais, Joe Taslim, Donny Alamsyah",Indonesia,[122],2011
Red Tears,Takanori Tsujimoto,"Natsuki Kato, Yuma Ishigaki, Yasuaki Kurata",Japan,[123],2011
Season of the Witch,Dominic Sena,"Nicolas Cage, Ron Perlman, Stephen Campbell Moore",United States,Action thriller[124],2011
Sector 7,Kim Ji-hoon,"Ha Ji-won, Ahn Sung-ki, Oh Ji-ho",South Korea,[125],2011
Shaolin,Benny Chan,"Andy Lau, Nicholas Tse, Jackie Chan",China Hong Kong,[126],2011
Sherlock Holmes: A Game of Shadows,Guy Ritchie,"Robert Downey Jr., Jude Law, Noomi Rapace",United States,[127],2011
Singham,Rohit Shetty,"Ajay Devgn, Kajal Aggarwal, Prakash Raj",India,[128],2011
Sleepless Night,Frédéric Jardin,"Tomer Sisley, Serge Riaboukine, Julien Boisselier",France Belgium Luxembourg,Action thriller[129],2011
Sniper: Reloaded,Claudio Fäh,"Chad Michael Collins, Richard Sammel, Billy Zane",South Africa United States,,2011
Source Code,Duncan Jones,"Jake Gyllenhaal, Michelle Monaghan, Vera Farmiga",Canada United States,Action thriller[130],2011
Sucker Punch,Zack Snyder,"Emily Browning, Abbie Cornish, Vanessa Hudgens",United States,[131],2011
The Sword Identity,Xu Haofeng,"Yu Chenghui, Song Yang, Zhao Yuanyuan",China,[132],2011
Thor,Kenneth Branagh,"Chris Hemsworth, Tom Hiddleston, Natalie Portman",United States,[133],2011
Transformers: Dark of the Moon,Michael Bay,"Shia LaBeouf, Tyrese Gibson, John Malkovich",United States,[134],2011
The Warring States,Jin Chen,"Sun Honglei, Jing Tian, Kim Heui-seon",China,[135],2011
White Vengeance,Daniel Lee,"Leon Lai, Zhang Hanyu, Crystal Liu",Hong Kong China,[136],2011
Wild 7,Eiichiro Hasumi,"Dairoku Hiba, Kippei Shiina, Ryuhei Maruyama",Japan,[137],2011
Wu Xia,Peter Chan,"Donnie Yen, Kaneshiro Takeshi, Tang Wei",Hong Kong China,[138],2011
X-Men: First Class,Matthew Vaughn,"Michael Fassbender, Kevin Bacon, James McAvoy",United States,[139],2011
Yakuza Weapon,"Tak Sakaguchi, Yûdai Yamaguchi","Tak Sakaguchi, Shingo Tsurumi, Mei Kurokawa",Japan,[140],2011
21 Jump Street,"Phil Lord, Christopher Miller","Jonah Hill, Channing Tatum, Brie Larson",United States,[141],2012
Abraham Lincoln: Vampire Hunter,Timur Bekmambetov,"Benjamin Walker, Dominic Cooper, Anthony Mackie",United States,[142],2012
Act of Valor,"Scott Waugh, Mike ""Mouse"" McCoy","Emilio Rivera, Roselyn Sánchez, Alex Veadov",United States,[143],2012
Agneepath,Karan Malhotra,"Hrithik Roshan, Rishi Kapoor, Sanjay Dutt",India,[144],2012
The Amazing Adventures of the Living Corpse,Justin Paul Ritter,"Michael Vittar, Marshall Hilton, Ryan McGivern",United States,Animated action horror film[citation needed],2012
The Amazing Spider-Man,Marc Webb,"Andrew Garfield, Emma Stone, Rhys Ifans",United States,[145],2012
The Avengers,Joss Whedon,"Robert Downey Jr., Chris Evans, Scarlett Johansson",United States,[146],2012
Bait 3D,Kimble Rendall,"Xavier Samuel, Phoebe Tonkin, Sharni Vinson",Australia Singapore,Action thriller[147][148],2012
"Batman: The Dark Knight Returns, Part 1",Jay Oliva,"Peter Weller, Ariel Winter, David Selby",United States,Animated superhero film[citation needed],2012
Battleship,Peter Berg,"Taylor Kitsch, Liam Neeson, Brooklyn Decker, Rihanna, Alexander Skarsgård",United States,Sci-fi action[149],2012
Black & White Episode I: The Dawn of Assault,Tsai Yueh-hsun,"Mark Chao, Huang Bo, Angelababy",Taiwan,[150],2012
The Bourne Legacy,Tony Gilroy,"Jeremy Renner, Edward Norton, Rachel Weisz",United States,[151],2012
A Company Man,Im Sang-yoon,"So Ji-sub, Lee Mi-yeon, Kwak Do-won",South Korea,,2012
Contraband,Baltasar Kormákur,"Mark Wahlberg, Kate Beckinsale, Ben Foster",United States,"Action thriller, crime thriller[152]",2012
CZ12,Jackie Chan,"Jackie Chan, Kwon Sang-woo",Hong Kong China,[153][154],2012
Dabangg 2,Arbaaz Khan,"Salman Khan, Sonakshi Sinha, Prakash Raj",India,[155],2012
The Dark Knight Rises,Christopher Nolan,"Christian Bale, Anne Hathaway, Tom Hardy",United States United Kingdom,Superhero film[156],2012
Dredd,Pete Travis,"Karl Urban, Olivia Thirlby, Lena Headey",United Kingdom South Africa,Science fiction action,2012
Ek Tha Tiger,Kabir Khan,"Salman Khan, Katrina Kaif",India,Action thriller,2012
The Expendables 2,Simon West,"Sylvester Stallone, Jason Statham, Jet Li",United States,[157],2012
Fire with Fire,David Barrett,"Josh Duhamel, Bruce Willis, Rosario Dawson",United States,Action thriller[158],2012
The Four,"Gordon Chan, Janet Chun","Deng Chao, Crystal Liu, Collin Chou",Hong Kong China,[159],2012
Gangs of Wasseypur – Part 1,Anurag Kashyap,"Manoj Bajpayee, Richa Chadda, Reema Sen, Piyush Mishra, Nawazuddin Siddiqui, Jaideep Ahlawat, Vineet Kumar Singh, Pankaj Tripathi, Jameel Khan, Huma Qureshi",India,Epic crime film,2012
Gangs of Wasseypur – Part 2,Anurag Kashyap,"Nawazuddin Siddiqui, Manoj Bajpayee, Richa Chadda, Huma Qureshi, Reema Sen, Anurita Jha, Piyush Mishra, Jameel Khan, Vineet Kumar Singh, Pankaj Tripathi",India,Epic crime film,2012
Ghost Rider: Spirit of Vengeance,"Mark Neveldine, Brian Taylor","Nicolas Cage, Ciarán Hinds, Violante Placido",United States,[160],2012
The Guillotines,Andrew Lau,"Huang Xiaoming, Ethan Juan",Hong Kong China Taiwan,[161],2012
Guns and Roses,Ning Hao,"Lei Jiayin, Tao Hong, Cheng Yuanyuan",China,[162],2012
Hit and Run,Dax Shepard,"Dax Shepard, Kristen Bell, Bradley Cooper",United States,Action comedy[163],2012
Hitman,Cesar Montano,"Cesar Montano, Sam Pinto, Phillip Salvador",Philippines,[164],2012
Jack Reacher,Christopher McQuarrie,"Tom Cruise, Rosamund Pike, Robert Duvall",United States,Action thriller[165],2012
John Carter,Andrew Stanton,"Taylor Kitsch, Lynn Collins, Willem Dafoe",United States,[166],2012
Justice League: Doom,Lauren Montgomery,"Kevin Conroy, Tim Daly, Nathan Fillion",United States,Animated superhero film[167],2012
Lockout,"Stephen Saint Leger, James Mather","Guy Pearce, Maggie Grace, Vincent Regan, Joe Gilgun, Lennie James, Peter Stormare",France,Science fiction action,2012
The Man with the Iron Fists,RZA,"Russell Crowe, Lucy Liu, RZA",United States,[168],2012
Men in Black 3,Barry Sonnenfeld,"Tommy Lee Jones, Will Smith, Josh Brolin",United States,[169],2012
Naked Soldier,Marco Mak,"Jennifer Tse, Sammo Hung, Ankie Beilke",Hong Kong,[170],2012
Premium Rush,David Koepp,"Joseph Gordon-Levitt, Michael Shannon, Dania Ramirez",United States,Action thriller[171],2012
Resident Evil: Retribution,Paul W. S. Anderson,"Milla Jovovich, Michelle Rodriguez, Kevin Durand, Sienna GuilloryLi Bingbing",Germany United States Canada,Science fiction action,2012
Rurouni Kenshin,Keishi Otomo,"Takeru Sato, Emi Takei, Koji Kikkawa",Japan,[172],2012
Safe,Boaz Yakin,"Jason Statham, Chris Sarandon, James Hong",United States,Action thriller,2012
Safe House,Daniel Espinosa,"Denzel Washington, Ryan Reynolds, Vera Farmiga",United States,Action thriller[173],2012
Skyfall,Sam Mendes,"Daniel Craig, Judi Dench, Javier Bardem",United Kingdom United States,[174][175],2012
Soldiers of Fortune,Maksim Korostyshevsky,"Christian Slater, Sean Bean, Ving Rhames",United States,,2012
Superman vs. The Elite,Michael Chang,"George Newbern, Pauley Perrette, Robin Atkin Downes",United States,Animated superhero film[176],2012
Tai Chi 0,Stephen Fung,"Angelababy, Tony Leung Kar-Fai, Eddie Peng",Hong Kong,[177],2012
Taken 2,Olivier Megaton,"Liam Neeson, Maggie Grace, Famke Janssen",United States France,Action thriller[178][179],2012
Tiktik: The Aswang Chronicles,Erik Matti,"Dingdong Dantes, Lovi Poe, Joey Marquez, Janice de Belen, Roi Vinzon, LJ Reyes, Ramon Bautista, Mike Gayoso, Rina Reyes, Roldan Aquino",Philippines,Action horror adventure,2012
Underworld: Awakening,"Mans Marlind, Bjorn Stein","Kate Beckinsale, Stephen Rea, Michael Ealy",United States,[180],2012
Universal Soldier: Day of Reckoning,John Hyams,"Jean-Claude Van Damme, Scott Adkins, Andrei Arlovski",United States,[181],2012
The Viral Factor,Dante Lam,"Jay Chou, Lin Peng, Nicholas Tse",Hong Kong,[182],2012
Wrath of the Titans,Jonathan Liebesman,"Sam Worthington, Bill Nighy, Ralph Fiennes, Liam Neeson",United States Spain,Fantasy action,2012
Wu Dang,Patrick Leung,"Vincent Zhao, Mini Yang, Louis Fan",China Hong Kong,[183],2012
009-1: The End of the Beginning,Koichi Sakamoto,"Mayuko Iwasa, Minehiro Kinomoto, Nao Nagasawa",Japan,[184],2013
"10,000 Hours",Bb. Joyce Bernal,"Robin Padilla, Michael de Mesa, Bela Padilla, Pen Medina, Mylene Dizon, Carla Humphries, Alden Richards, Joem Bascon, Bibeth Orteza, Cholo Barretto",Philippines,,2013
2 Guns,Baltasar Kormákur,"Mark Wahlberg, Denzel Washington, Paula Patton",United States,[185],2013
Alfredo S. Lim (The Untold Story),Cesar Montano,"Cesar Montano, Alessandra de Rossi, Nonie Buencamino, Marc Abaya, Alwyn Uytingco, Alvin Anson, Tirso Cruz III, Jackie Lou Blanco, Isabel Granada, Kristel Romero",Philippines,Biographical action film[186],2013
Angel Warriors,Fu Huayang,"Collin Chou, Yu Nan, Shi Yanneng",China,[187],2013
Avenged,Michael S. Ojeda,"Amanda Adrienne, Tom Ardavany, Ronnie Gene Blevins",United States,[188],2013
"Batman: The Dark Knight Returns, Part 2",Jay Oliva,"Peter Weller, Ariel Winter, David Selby",United States,Animated superhero film[189],2013
The Berlin File,Ryoo Seung-wan,"Ha Jung-woo, Han Suk-kyu, Ryoo Seung-bum",South Korea,[190][191],2013
Bounty Killer,Henry Saine,"Christian Pitre, Matthew Marsden, Kristanna Loken",United States,Science fiction action,2013
Boy Golden: Shoot to Kill,Chito S. Roño,"Jeorge Estregan, KC Concepcion, Joem Bascon, John Estrada, Tonton Gutierrez, Leo Martinez, Gloria Sevilla, Eddie Garcia, Jhong Hilario, Baron Geisler",Philippines,Biographical action film,2013
Bullet to the Head,Walter Hill,"Sylvester Stallone, Sung Kang, Sarah Shahi",United States,[192],2013
Death Race 3: Inferno,Roel Reiné,"Luke Goss, Danny Trejo, Tanit Phoenix, Frederick Koehler, Robin Shou, Ving Rhames, Dougray Scott",United States,Science fiction action,2013
Elysium,Neill Blomkamp,"Matt Damon, Jodie Foster, William Fichtner, Alice Braga, Sharlto Copley",United States,[193],2013
Ender's Game,Gavin Hood,"Harrison Ford, Asa Butterfield, Ben Kingsley, Hailee Steinfeld, Abigail Breslin, Viola Davis",United States,[194],2013
Escape Plan,Mikael Håfström,"Sylvester Stallone, Arnold Schwarzenegger, James Caviezel",United States,[195],2013
Fast & Furious 6,Justin Lin,"Vin Diesel, Paul Walker, Dwayne Johnson",United States,[196],2013
The Fighting Chefs,Ronn Rick,"Ronnie Ricketts, Boy Logro, Arci Muñoz, Mark Gil, Dinky Doo, PJ Cuartero, Tiara Santos, Billy James Renacia, Hero Angeles, Roldan Aquino",Philippines,Action comedy film,2013
Firestorm,Alan Yuen,"Andy Lau, Gordon Lam, Yao Chen",Hong Kong,,2013
The Four II,"Gordon Chan, Janet Chun","Deng Chao, Crystal Liu, Collin Chou",Hong Kong China,[197],2013
Frankenstein's Army,Richard Raaphorst,"Karel Roden, Joshua Sasse, Robert Gwilym",Netherlands,Sci-fi action[198],2013
Gangster Squad,Ruben Fleischer,"Sean Penn, Ryan Gosling, Josh Brolin",United States,Action thriller[199],2013
Getaway,Courtney Solomon,"Ethan Hawke, Selena Gomez, Jon Voight, Bruce Payne",United States,[200],2013
G.I. Joe: Retaliation,Jon M. Chu,"Dwayne Johnson, Channing Tatum, D. J. Cotrona",United States,[201],2013
A Good Day to Die Hard,John Moore,"Bruce Willis, Jai Courtney, Sebastian Koch",United States,[202],2013
The Heat,Paul Feig,"Sandra Bullock, Melissa McCarthy, Demián Bichir",United States,Action comedy[203],2013
Homefront,Gary Fleder,"Jason Statham, James Franco, Kate Bosworth",United States,Action thriller[204],2013
Hummingbird,Steven Knight,"Jason Statham, Benedict Wong, Vicky McClure",United States United Kingdom,Action thriller[205][206],2013
Iron Man 3,Shane Black,"Robert Downey Jr., Gwyneth Paltrow, Don Cheadle",United States,[207],2013
Justice League: The Flashpoint Paradox,Jay Oliva,"Justin Chambers, C. Thomas Howell, Michael B. Jordan",United States,Animated superhero film[208],2013
Kick-Ass 2,Jeff Wadlow,"Aaron Taylor-Johnson, Chloë Grace Moretz, Christopher Mintz-Plasse",United States,[209],2013
The Last Stand,Kim Jee-woon,"Arnold Schwarzenegger, Peter Stormare, Forest Whitaker",United States,[210],2013
The Lone Ranger,Gore Verbinski,"Johnny Depp, Armie Hammer, Helena Bonham Carter, Tom Wilkinson, William Fichtner, James Badge Dale, Ruth Wilson, Barry Pepper",United States,[211],2013
Machete Kills,Robert Rodriguez,"Danny Trejo, Michelle Rodriguez, Sofía Vergara",United States,[212],2013
Man of Steel,Zack Snyder,"Henry Cavill, Amy Adams, Michael Shannon",United Kingdom United States,[213],2013
Man of Tai Chi,Keanu Reeves,"Tiger Chen, Keanu Reeves, Karen Mok, Simon Yam, Sam Lee, Michael Tong, Iko Uwais",China United States,Martial arts film,2013
The Marine 3: Homefront,Scott Wiper,"The Miz, Neal McDonough, Michael Eklund, Ashley Bell, Camille Sullivan, Jared Keeso",United States,,2013
Ninja: Shadow of a Tear,Isaac Florentine,"Scott Adkins, Kane Kosugi, Mika Hijii, Shun Sugata",United States,Martial arts film,2013
Oblivion,Joseph Kosinski,"Tom Cruise, Melissa Leo, Andrea Riseborough, Olga Kurylenko, Morgan Freeman",United States,[214],2013
Olympus Has Fallen,Antoine Fuqua,"Gerard Butler, Aaron Eckhart, Morgan Freeman",United States,[215],2013
On the Job,Erik Matti,"Gerald Anderson, Joel Torre, Piolo Pascual, Joey Marquez, Angel Aquino, Shaina Magdayao, Empress Schuck, Leo Martinez, Michael de Mesa, Vivian Velez",Philippines,Crime thriller,2013
Once Upon a Time in Vietnam,Dustin Nguyễn,"Dustin Nguyễn, Veronica Ngô, Roger Yuan",Vietnam,[216],2013
Pacific Rim,Guillermo del Toro,"Charlie Hunnam, Idris Elba, Rinko Kikuchi",United States,[217],2013
The Package,Jesse V. Johnson,"Steve Austin, Dolph Lundgren, Jerry Trimble",United States,,2013
Pain & Gain,Michael Bay,"Dwayne Johnson, Mark Wahlberg, Anthony Mackie, Tony Shalhoub, Ed Harris, Rebel Wilson, Ken Jeong",United States,[218],2013
Pro Wrestlers vs Zombies,Cody Knotts,"Roddy Piper, Matt Hardy, Kurt Angle",United States,[219],2013
Red 2,Dean Parisot,"Bruce Willis, John Malkovich, Mary-Louise Parker",United States,[220],2013
R.I.P.D.,Robert Schwentke,"Ryan Reynolds, Jeff Bridges, Kevin Bacon",United States,Action comedy[221],2013
Running Man,Jo Dong-oh,"Shin Ha-kyun, Lee Min-ho, Kim Sang-ho",South Korea,[222],2013
Saka-saka,Toto Natividad,"Ejay Falcon, Joseph Marco, Akiko Solon, Baron Geisler, Kathleen Hermosa, Perla Bautista, Toby Alejar, Martin Imperial, Mon Confiado, Rey Solo",Philippines,,2013
The Shifting,Julio Saldarriaga,"Carlos Acuña, Matthew Alan, Felix Avitia, Yeniffer Behrens, Tonita Castro, Chris Paradice Daniels, Kaitlyn Dias, Alice Dinnean, Judy Echavez, David Fernandez Jr., Carmina Garay, Cesar Garcia, Vanessa Hidalgo, RoseAnn Kelley, Samantha Kelly, Kim Kendall, Melina Lizette, Eddy Martin, Mauricio Mendoza, Martin Morales, Emily Ozrey, Robert Romanus, Eddie Ruiz, Eric St. John, Kristyn Toney, Craig Tsuyumine, Reggie Watkins and Morgan Larson",United States Colombia,Action crime drama film,2013
Snowpiercer,Bong Joon-ho,"Chris Evans, Tilda Swinton, Jamie Bell",South Korea Czech Republic,Science fiction action,2013
Special ID,Clarence Fok,"Donnie Yen, Jing Tian, Andy On, Zhang Hanyu, Ronald Cheng, Collin Chou",China,Martial arts film,2013
Star Trek Into Darkness,J. J. Abrams,"Chris Pine, Zachary Quinto, Zoe Saldana",United States,Science fiction action film[223],2013
Superman Unbound,James Tuker,"Matt Bomer, Stana Katic, John Noble",United States,Animated superhero film[224],2013
The Suspect,Won Shin-yun,"Gong Yoo, Park Hee-soon, Jo Sung-ha",South Korea,[225],2013
Switch,Jay Sun,"Andy Lau, Tong Dawei, Zhang Jingchu",China Hong Kong,[226],2013
Thor: The Dark World,Alan Taylor,"Chris Hemsworth, Tom Hiddleston, Natalie Portman",United States,[227],2013
Tom Yum Goong 2,Prachya Pinkaew,"Tony Jaa, RZA, Petchtai ""Mum Jokmok"" Wongkamlao",Thailand,[228],2013
Waar,Bilal Lashari,"Shaan Shahid, Shamoon Abbasi, Ali Azmat",Pakistan,Action thriller[229],2013
Welcome to the Punch,Eran Creevy,"James McAvoy, Andrea Riseborough, Mark Strong, David Morrissey",United Kingdom,[230],2013
White House Down,Roland Emmerich,"Channing Tatum, Jamie Foxx, Maggie Gyllenhaal",United States,[231],2013
The White Storm,Benny Chan,"Sean Lau, Louis Koo, Nick Cheung",Hong Kong China,Action thriller,2013
The Wolverine,James Mangold,"Hugh Jackman, Will Yun Lee, Rila Fukushima",United States United Kingdom,[232],2013
World War Z,Marc Forster,"Brad Pitt, Mireille Enos, Matthew Fox",United States United Kingdom,[233],2013
The Wrath of Vajra,Law Wing-Cheung,"Xing Yu, Yoo Seung-jun, Nam Hyun-joon",China,Martial arts film,2013
300: Rise of an Empire,Noam Murro,"Sullivan Stapleton, Eva Green, Lena Headey, Hans Matheson, David Wenham, Rodrigo Santoro",United States,Period action film,2014
Alibughang Anak,Rodolfo Fajardo,"Ram Mercado, Abbygale Monderin, Marko Boy Alima, Tal Garcia, Lucita Soriano, Roldan Aquino, Richie D'Horsie, Alex Tinsay, Popoy Bardos, Benny Abante",Philippines,Christian action film[235],2014
The Amazing Spider-Man 2,Marc Webb,"Andrew Garfield, Emma Stone, Jamie Foxx",United States,Superhero film[236],2014
American Sniper,Clint Eastwood,"Bradley Cooper, Luke Grimes, Sienna Miller",United States,[237],2014
Android Cop,Mark Atkins,"Michael Jai White, Charles S. Dutton, Randy Wayne",United States,Science fiction action[238],2014
Arachnicide,Paolo Bertola,"Gino Barzacchi, Gabriel Cash, Riccardo Serventi Longhi",Italy,Television film[239],2014
Army of Frankensteins,Ryan Bellgardt,"Jordan Farris, Christian Bellgardt, Rest Terrell",United States,Science fiction action[240],2014
Black & White: The Dawn of Justice,Tsai Yueh-Hsun,"Mark Chao, Lin Gengxin, Huang Bo",China Taiwan,[241],2014
Black Butler,"Kentarō Ōtani, Keiichi Satō","Hiro Mizushima, Ayame Goriki, Yūka",Japan,Science fiction action[242],2014
Bonifacio: Ang Unang Pangulo,Enzo Williams,"Robin Padilla, Vina Morales, Eddie Garcia, Daniel Padilla, Jasmine Curtis-Smith, RJ Padilla, Jericho Rosales, Isabel Oli, Joem Bascon, Rommel Padilla",Philippines,Historical action drama,2014
The Breaking Point,James C. Hunter,"Erik Grey, Diana Lovell, Reggie Peters, Roy Williams Jr. and Sean Nelson",United States,Action crime drama,2014
Brick Mansions,Camille Delamarre,"Paul Walker, David Belle, RZA",Canada France,[243],2014
Brotherhood of Blades,Lu Yang,"Chang Chen, Cecilia Lu, Wang Qianyuan",China,Martial arts film[244],2014
Captain America: The Winter Soldier,Josphe and Anthony Russo,"Chris Evans, Sebastian Stan, Anthony Mackie",United States,[245],2014
The Dead Lands,Toa Fraser,"James Rolleston, Lawrence Makoare, Te Kohe Tuhaka",New Zealand,[246],2014
Dracula Untold,Gary Shore,"Luke Evans, Dominic Cooper, Sarah Gadon, Charles Dance",United States,Fantasy action horror,2014
Edge of Tomorrow,Doug Liman,"Tom Cruise, Emily Blunt, Bill Paxton",United States,Science fiction action[247],2014
The Equalizer,Antoine Fuqua,"Denzel Washington, Marton Csokas, Chloë Grace Moretz, David Harbour, Bill Pullman, Melissa Leo",United States,Action thriller,2014
Everly,Joe Lynch,"Salma Hayek, Akie Kotabe, Laura Cepeda",United States,[248],2014
The Expendables 3,Patrick Hughes,"Sylvester Stallone, Mel Gibson, Jason Statham",United States,[249],2014
Falcon Rising,Ernie Barbarash,"Michael Jai White, Neal McDonough, Laila Ali",United States,,2014
Gangster Lolo,William G. Mayo,"Leo Martinez, Bembol Roco, Soxie Topacio, Pen Medina, Rez Cortez, Isabel Granada, Janice Jurado, Richard Quan, Boy Alano",Philippines,Action comedy[250],2014
Godzilla,Gareth Edwards,"Aaron Taylor-Johnson, Ken Watanabe, Elizabeth Olsen, Bryan Cranston",United States,Monster film,2014
Guardians of the Galaxy,James Gunn,"Chris Pratt, Zoe Saldana, Lee Pace",United States,[251],2014
Heavenly Sword,Gun Ho Jung,"Anna Torv, Alfred Molina, Thomas Jane",United States,Animated film[253],2014
Hercules,Brett Ratner,"Dwayne Johnson, Ian McShane, Rufus Sewell",United States,Sword and sandal[254],2014
High Kick Angels,Yokoyama Kazuhiro,"Miyahara Kanon, Ito Risako, Kawamoto Mayu",Japan,[255],2014
"I, Frankenstein",Stuart Beattie,"Aaron Eckhart, Bill Nighy, Yvonne Strahowski",United States,Action horror[256],2014
In the Blood,John Stockwell,"Gina Carano, Amaury Nolasco, Stephen Lang, Danny Trejo",United States,,2014
Jack Ryan: Shadow Recruit,Kenneth Branagh,"Chris Pine, Keira Knightley, Kevin Costner",United States,Action thriller[257],2014
John Wick,"David Leitch, Chad Stahelski","Keanu Reeves, Michael Nyqvist, Alfie Allen",United States,[258],2014
Justice League: War,Jay Oliva,"Alan Tudyk, Shemar Moore, Steve Blum",United States,Animated superhero film[259],2014
Kingsman: The Secret Service,Matthew Vaughn,"Colin Firth, Samuel L. Jackson, Mark Strong",United States,[260],2014
Kung Fu Jungle,Teddy Chen,"Donnie Yen, Wang Baoqiang, Charlie Young",Hong Kong China,[261],2014
The Legend of Hercules,Renny Harlin,"Kellan Lutz, Liam McIntyre, Scott Adkins",United States,[262],2014
Lucy,Luc Besson,"Scarlett Johansson, Morgan Freeman, Choi Min-Sik",France,[263],2014
The Maze Runner,Wes Ball,"Dylan O'Brien, Thomas Brodie-Sangster, Will Poulter",United States,[264],2014
Mercenaries,Christopher Douglas-Olen Ray,"Zoë Bell, Brigitte Nielsen, Kristanna Loken",United States,[265],2014
Muslim Magnum .357: To Serve and Protect,Francis 'Jun' Posadas,"Jeorge Estregan, Sam Pinto, Roi Vinzon, John Arcilla, John Regala, Efren Reyes, Jon Hall, Clarence Delgado, Jerico Estregan, Maria Ejercito",Philippines,,2014
No Tears for the Dead,Lee Jeong-beom,"Jang Dong-gun, Kim Min-hee",South Korea,,2014
P-51 Dragon Fighter,Mark Atkins,"Scott Martin, Stephanie Beran, Ross Brooks",United States,[266],2014
The Raid 2: Berandal,Gareth Evans,"Iko Uwais, Yayan Ruhian, Julie Estelle, Cecep Arif Rahman, Very Tri Yulisman",Indonesia,[267],2014
Redeemer,Ernesto Díaz Espinoza,"Marko Zaror, Noah Segan, Jose Luis Mosca",Chile,,2014
Ride Along,Tim Story,"Ice Cube, Kevin Hart, John Leguizamo",United States,Action comedy[268],2014
RoboCop,José Padilha,"Joel Kinnaman, Gary Oldman, Samuel L. Jackson",United States,Science fiction action[269],2014
"Sa Ngalan ng Ama, Ina at mga Anak",Jon Villarin,"Robin Padilla, Daniel Padilla, Mariel Rodriguez-Padilla, Kylie Padilla, RJ Padilla, Bela Padilla, Matt Padilla, Rommel Padilla, Gideon Padilla, Queenie Padilla",Philippines,Historical action film,2014
Sabotage,David Ayer,"Arnold Schwarzenegger, Sam Worthington, Olivia Williams, Terrence Howard, Joe Manganiello, Harold Perrineau, Martin Donovan, Max Martini, Josh Holloway, Mireille Enos",United States,Action thriller,2014
Scratch,Maninder Chana,"Julie Romaniuk, Craig Cyr, Romaine Waite, Jojo Karume, J.J. Reville, Len Silvini and Justin Bott",Canada,Action crime comedy-drama,2014
SEAL Team 8: Behind Enemy Lines,Roel Reiné,"Tom Sizemore, Lex Shrapnel, Langley Kirkwood",United States,,2014
Sin City: A Dame to Kill For,"Robert Rodriguez, Frank Miller","Mickey Rourke, Jessica Alba, Josh Brolin, Joseph Gordon-Levitt",United States,Action thriller,2014
Skin Trade,Ekachai Uekrongtham,"Dolph Lundgren, Tony Jaa, Michael Jai White, Ron Perlman, Peter Weller",United States Thailand,Action thriller[270],2014
Sniper: Legacy,Don Michael Paul,"Tom Berenger, Chad Michael Collins, Dominic Mafham",United States,,2014
Son of Batman,Ethan Spaulding,"Jason O'Mara, Thomas Gibson, Stuart Allan",United States,Animated superhero film[271],2014
The Target,Chang,"Ryu Seung-ryong, Lee Jin-wook, Yoo Jun-sang",South Korea,[272],2014
Teenage Mutant Ninja Turtles,Jonathan Liebesman,"Megan Fox, Alan Ritchson, Pete Ploszek",United States,[273],2014
Transformers: Age of Extinction,Michael Bay,"Mark Wahlberg, Jack Reynor, Nicola Peltz",United States,[276],2014
X-Men: Days of Future Past,Bryan Singer,"James McAvoy, Michael Fassbender, Jennifer Lawrence",United States,[277],2014
WolfCop,Lowell Dean,"Leo Fafard, Amy Matysio, Jonathan Cherry",Canada,Action comedy[278],2014
Wyrmwood: Road of the Dead,Kiah Roache-Turner,"Bianca Bradey, Luke McKenzie, Catherine Terracini",Australia,[279],2014
American Ultra,Nima Nourizadeh,"Jesse Eisenberg, Kristen Stewart, Topher Grace",United States,[280],2015
Angela Markado,Carlo J. Caparas,"Andi Eigenmann, Paolo Contis, Felix Roco, Polo Ravales, CJ Caparas, Epy Quizon, Bembol Roco, Marita Zobel, Ana Roces",Philippines,Revenge action thriller,2015
Ant-Man,Peyton Reed,"Paul Rudd, Michael Douglas, Evangeline Lilly",United States,Superhero film[281],2015
Avengers: Age of Ultron,Joss Whedon,"Robert Downey Jr., Chris Evans, Mark Ruffalo",United States,Superhero film[282],2015
Blackhat,Michael Mann,"Chris Hemsworth, Viola Davis, John Ortiz",United States,[283],2015
Barely Lethal,Kyle Newman,"Jaime King, Samuel L. Jackson, Madeleine Stack, Hailee Steinfeld, Sophie Turner, Jessica Alba",United States,[284],2015
Chappie,Neill Blomkamp,"Sharlto Copley, Dev Patel, Yolandi Visser",United States,[285],2015
Close Range,Isaac Florentine,"Scott Adkins, Nick Chinlund, Jake La Botz, Tony Perez, Scott Evans",United States,,2015
Dragon Blade,Daniel Lee,"Jackie Chan, John Cusack, Adrien Brody",Hong Kong China,[286],2015
Fantastic Four,Josh Trank,"Miles Teller, Kate Mara, Michael B. Jordan, Jamie Bell",United States,[287],2015
Furious 7,James Wan,"Vin Diesel, Paul Walker, Dwayne Johnson",United States,[288],2015
Gridlocked,Allan Ungar,"Dominic Purcell, Danny Glover, Stephen Lang, Trish Stratus",United States,,2015
The Gunman,Pierre Morel,"Sean Penn, Javier Bardem, Idris Elba",United States,[289],2015
Hardcore Henry,Ilya Naishuller,"Sharlto Copley, Danila Kozlovsky, Haley Bennett, Svetlana Ustinova, Tim Roth",Russia United States,,2015
Heist,Scott Mann,"Jeffrey Dean Morgan, Robert De Niro, Dave Bautista",United States,[290],2015
Hitman: Agent 47,Aleksander Bach,"Rupert Friend, Zachary Quinto, Hannah Ware",Germany United States,[291],2015
Ip Man 3,Wilson Yip,"Donnie Yen, Zhang Jin, Lynn Hung, Patrick Tam, Karena Ng, Kent Cheng, Bryan Leung, Louis Cheung, Danny Chan, Mike Tyson, Tats Lau",Hong Kong,Martial arts film,2015
Kingsman: The Secret Service,Matthew Vaughn,"Colin Firth, Taron Egerton, Samuel L. Jackson,",United States United Kingdom,Action thriller[292],2015
Kung Fury,David Sandberg,"David Sandberg, Jorma Taccone, Leopold Nilsson",Sweden,Short film[293],2015
The Last Witch Hunter,Breck Eisner,"Vin Diesel, Elijah Wood, Rose Leslie",United States,Supernatural action[294],2015
Mad Max: Fury Road,George Miller,"Tom Hardy, Charlize Theron, Nicholas Hoult",Australia United States,[295],2015
The Man from U.N.C.L.E.,Guy Ritchie,"Henry Cavill, Armie Hammer, Elizabeth Debicki",United States,[296],2015
The Marine 4: Moving Target,William Kaufman,"The Miz, Melissa Roxburgh, Summer Rae, Paul McGillion, Roark Critchlow, Craig Veroni",United States,,2015
Maze Runner: The Scorch Trials,Wes Ball,"Dylan O'Brien, Thomas Brodie-Sangster, Rosa Salazar",United States,[297],2015
Manila's Finest,William G. Mayo,"Jeric Raval, Mark Anthony Fernandez, Bangs Garcia, Danilo ""Brownie"" Pansalin, Jay Prince Armodoval, Joko Diaz, Leo Martinez, Jao Mapa, Rich Asuncion, Rommel Padilla",Philippines,[298],2015
Mission: Impossible – Rogue Nation,Christopher McQuarrie,"Tom Cruise, Jeremy Renner, Simon Pegg",United States,[299],2015
Mortdecai,David Koepp,"Johnny Depp, Gwyneth Paltrow, Ewan McGregor",United States,[300],2015
No Escape,John Erick Dowdle,"Owen Wilson, Lake Bell, Pierce Brosnan",United States,Action thriller[301],2015
Point Break,Ericson Core,"Édgar Ramírez, Luke Bracey, Teresa Palmer",United States,[302],2015
Run All Night,Jaume Collet-Serra,"Liam Neeson, Joel Kinnaman, Ed Harris",United States,[303],2015
San Andreas Quake,John Baumgartner,"Jhey Castles, Jason Woods, Grace Van Dien",United States,[304],2015
San Andreas,Brad Peyton,"Dwayne Johnson, Carla Gugino, Alexandra Daddario",United States,[305],2015
Spectre,Sam Mendes,"Daniel Craig, Ralph Fiennes, Christoph Waltz",United Kingdom United States,[306][307],2015
SPL II: A Time for Consequences,Cheang Pou-soi,"Tony Jaa, Wu Jing, Simon Yam, Zhang Jin, Louis Koo",Hong Kong China,Martial arts film,2015
Spy,Paul Feig,"Melissa McCarthy, Jason Statham, Rose Byrne",United States,Action comedy[308],2015
Star Wars: The Force Awakens,J. J. Abrams,"Harrison Ford, Carrie Fisher, John Boyega, Daisy Ridley, Adam Driver",United States,Space opera[309],2015
Survivor,James McTeigue,"Paddy Wallace, Dylan McDermott, Pierce Brosnan, Milla Jovovich",United States,[310],2015
Taken 3,Olivier Megaton,"Liam Neeson, Famke Janssen, Maggie Grace",France,[311],2015
Terminator Genisys,Alan Taylor,"Arnold Schwarzenegger, Jason Clarke, Emilia Clarke",United States,[312],2015
The Transporter Refueled,Camille Delamarre,"Ed Skrein, Ray Stevenson, Loan Chabanol",France China United States,[313],2015
Turbo Kid,"François Simard, Anouk Whissell, Yoann-Karl Whissell",Canada,Sci-fi action[314],,2015
Wild Card,Simon West,"Jason Statham, Sofía Vergara, Milo Ventimiglia",United States,[315],2015
Wolf Warrior,Wu Jing,"Wu Jing, Scott Adkins, Yu Nan",China,War action[316],2015
Z Island,Hiroshi Shinagawa,"Show Aikawa, Sawa Suzuki, Yūichi Kimura",Japan,Action comedy horror[317],2015
The Adventurers,Stephen Fung,"Andy Lau, Shu Qi, Jean Reno",Hong Kong China Czech Republic,,2017
American Assassin,Michael Cuesta,"Dylan O'Brien, Michael Keaton, Sanaa Lathan, Shiva Negar, Taylor Kitsch",United States,Action thriller,2017
Atomic Blonde,David Leitch,"Charlize Theron, James McAvoy, John Goodman",United States,[340],2017
AWOL,Enzo Williams,"Gerald Anderson, Dianne Medina, Raymond Bagatsing, Bembol Roco, Richard Quan, Jeric Raval, Bernard Palanca, Lawrence Pineda",Philippines,Action thriller film,2017
Baby Driver,Edgar Wright,"Ansel Elgort, Kevin Spacey, Lily James, Eiza González, Jon Hamm, Jamie Foxx",United Kingdom United States,[341],2017
Baywatch,Seth Gordon,"Dwayne Johnson, Zac Efron, Priyanka Chopra",United States,[342],2017
Blade of the Immortal,Takashi Miike,"Takuya Kimura, Hana Sugisaki, Sota Fukushi",Japan,[343],2017
The Blood,Jess Vargas,"Isabel Granada, Diana Salvador, Nissy May Avila, Tracy Vem Avila, Jess Vargas, Dan Alvaro",Philippines,[344],2017
The Brink,Jonathan Li,"Zhang Jin, Shawn Yue, Janice Man, Yasuaki Kurata",Hong Kong,Martial arts film,2017
CHiPs,Dax Shepard,"Dax Shepard, Michael Pena, Rosa Salazar",United States,[345],2017
Double Barrel,Toto Natividad,"AJ Muhlach, Phoebe Walker, Jeric Raval, Ali Khatibi, Oliver Aquino, Caleb Santos, Carlo Lazerna, Ronald Moreno, Dindo Arroyo, Mon Confiado",Philippines,,2017
The Fate of the Furious,F. Gary Gray,"Vin Diesel, Dwayne Johnson, Jason Statham",United States,[346],2017
The Foreigner,Martin Campbell,"Jackie Chan, Pierce Brosnan",China United Kingdom,[347],2017
Ghost in the Shell,Rupert Sanders,"Scarlett Johansson, Takeshi Kitano, Pilou Asbæk",United States,Science fiction action,2017
Guardians of the Galaxy Vol. 2,James Gunn,"Chris Pratt, Zoe Saldana, Kurt Russell",United States,[348],2017
The Hitman's Bodyguard,Patrick Hughes,"Ryan Reynolds, Samuel L. Jackson, Gary Oldman",United States,Action Comedy[349],2017
Immigration Game,Krystof Zlatnik,Mathis Landwehr and Denise Owono,Germany,Action thriller drama,2017
Jailbreak,Jimmy Henderson,"Jean-Paul Ly, Dara Our, Céline Tran",Cambodia,Martial arts film,2017
John Wick: Chapter 2,Chad Stahelski,"Keanu Reeves, Common, Laurence Fishburne",United States,[350],2017
Justice League,Zack Snyder,"Ben Affleck, Henry Cavill, Gal Gadot",United States,[351],2017
Kingsman: The Golden Circle,Matthew Vaughn,"Taron Egerton, Sophie Cookson",United Kingdom United States,[352],2017
Kong: Skull Island,Jordan Vogt-Roberts,"Tom Hiddleston, Samuel L. Jackson, John Goodman",United States,[353],2017
The Lego Batman Movie,Chris McKay,Will Arnett,United States,[354],2017
Logan,James Mangold,"Hugh Jackman, Patrick Stewart, Boyd Holbrook",United States,[355],2017
The Marine 5: Battleground,James Nunn,"The Miz, Maryse Ouellet, Curtis Axel, Heath Slater, Bo Dallas, Naomi",United States,,2017
The Mummy,Alex Kurtzman,"Tom Cruise, Russell Crowe, Annabelle Wallis",United States,[356],2017
Overdrive,Antonio Negret,"Scott Eastwood, Freddie Thorp, Simon Abkarian",France,[357],2017
Paradox,Wilson Yip,"Louis Koo, Gordon Lam, Wu Yue, Tony Jaa",Hong Kong China,Marial arts film,2017
Power Rangers,Dean Israelite,"Dacre Montgomery, Naomi Scott, RJ Cyler",United States,[358],2017
Renegades,Steven Quale,"Sullivan Stapleton, J. K. Simmons, Charlie Bewley",France Germany,Action thriller,2017
Savage Dog,Jesse V. Johnson,"Scott Adkins, Marko Zaror, JuJu Chan",United States,,2017
Security,Alain DesRochers,"Antonio Banderas, Ben Kingsley, Gabriella Wright",United States,,2017
Shock Wave,Herman Yau,"Andy Lau, Jiang Wu, Song Jia, Philip Keung, Ron Ng",Hong Kong China,Action thriller,2017
Sleepless,Baran bo Odar,"Jamie Foxx, Michelle Monaghan, Dermot Mulroney",United States,[359],2017
Sniper: Ultimate Kill,Claudio Fäh,"Chad Michael Collins, Billy Zane, Tom Berenger",United States,,2017
Spider-Man: Homecoming,Jon Watts,"Tom Holland, Michael Keaton, Robert Downey Jr.",United States,Superhero film[360],2017
Star Wars: The Last Jedi,Rian Johnson,"Mark Hamill, Carrie Fisher, John Boyega, Daisy Ridley, Adam Driver",United States,Space opera[361],2017
Stratton,Simon West,"Dominic Cooper, Gemma Chan, Thomas Kretschmann, Connie Nielsen",United Kingdom,Action thriller,2017
Thor: Ragnarok,Taika Waititi,"Chris Hemsworth, Mark Ruffalo, Cate Blanchett",United States,Superhero film[362],2017
Transformers: The Last Knight,Michael Bay,"Mark Wahlberg, Anthony Hopkins, Josh Duhamel",United States,[363],2017
The Villainess,Jung Byung-gil,"Kim Ok-vin, Shin Ha-kyun, Sung Joon, Kim Seo-hyung, Jo Eun-ji",South Korea,,2017
Werewolves of the Third Reich,Andrew Jones,"Annabelle Lanyon, Lee Bane, Derek Nelson",United Kingdom,Science fiction[364],2017
Wolf Warrior 2,Wu Jing,"Wu Jing, Celina Jade, Frank Grillo, Hans Zhang, Wu Gang, Yu Nan",China,Martial arts film,2017
Wonder Woman,Patty Jenkins,"Gal Gadot, Chris Pine, Connie Nielsen",United States,[365],2017
xXx: Return of Xander Cage,D. J. Caruso,"Vin Diesel, Samuel L. Jackson, Donnie Yen",United States,[366],2017
Ant-Man and the Wasp,Peyton Reed,"Paul Rudd, Evangeline Lilly, Michael Douglas",United States,Superhero film[367],2018
Aquaman,James Wan,"Jason Momoa, Amber Heard, Patrick Wilson, Yahya Abdul-Mateen II",United States,Superhero film[368],2018
Avengers: Infinity War,"Antony Russo, Joe Russo","Robert Downey Jr., Scarlett Johansson, Chris Pratt, Chris Evans, Chris Hemmsworth, Josh Brolin, Benedict Cumberbatch, Tom Holland",United States,Superhero film[369],2018
Badge of Honor: To Serve and Protect,Neal Tan,"Rommel Padilla, Jeric Raval, Empress Schuck, Rayver Cruz, Alfred Vargas, Rosanna Roces",Philippines,[370],2018
Black Panther,Ryan Coogler,"Chadwick Boseman, Lupita Nyong'o, Michael B. Jordan",United States,Superhero film[371],2018
Braven,Lin Oeding,"Jason Momoa, Garret Dillahunt, Stephen Lang",Canada United States,,2018
Bumblebee,Travis Knight,"Hailee Steinfeld, John Cena, John Ortiz",United States,Science fiction action film[372],2018
BuyBust,Erik Matti,"Anne Curtis, Brandon Vera, Victor Neri, Arjo Atayde, Nonie Buencamino, Joross Gamboa",Philippines,,2018
Deadpool 2,David Leitch,"Ryan Reynolds, Josh Brolin, Morena Baccarin",United States,Superhero film[373],2018
Death Race: Beyond Anarchy,Don Michael Paul,"Zach McGowan, Danny Glover, Christine Marzano, Frederick Koehler, Danny Trejo",United States,,2018
Death Wish,Eli Roth,"Bruce Willis, Vincent D'Onofrio, Elisabeth Shue",United States,[374],2018
Den of Thieves,Christian Gudegast,"Gerard Butler, Pablo Schreiber, Curtis ""50 Cent"" Jackson, O'Shea Jackson Jr.",United States,[375],2018
Escape Plan 2: Hades,Steven C. Miller,"Sylvester Stallone, Dave Bautista, Huang Xiaoming, Jaime King, 50 Cent",China United States United Kingdom,,2018
The Equalizer 2,Antoine Fuqua,"Denzel Washington, Pedro Pascal, Ashton Sanders, Bill Pullman, Melissa Leo",United States,,2018
Final Score,Scott Mann,"Dave Bautista, Pierce Brosnan, Ray Stevenson, Julian Cheung",United Kingdom United States,,2018
The First Purge,Gerald McMurray,"Steve Harris, Marisa Tomei, Y'lan Noel, Lex Scott Davis",United States,[376],2018
Golden Job,Chin Ka-lok,"Ekin Cheng, Jordan Chan, Michael Tse",Hong Kong,,2018
Hotel Artemis,Drew Pearce,"Jodie Foster, Sterling K. Brown, Sofia Boutella, Charlie Day",United States,[377],2018
Hunter Killer,Donovan Marsh,"Gerard Butler, Gary Oldman, Common, Linda Cardellini, Toby Stephens",United States,,2018
I Am Vengeance,Ross Boyask,"Wade Barrett, Anna Shaffer, Gary Daniels",United Kingdom,,2018
Kin,Jonathen and Josh Baker,"Myles Truitt, Dennis Quaid, James Franco",United States,[378],2018
Mandy,Pianos Cosmatos,"Nicolas Cage, Andrea Riseborough, Linus Roache",Canada United States,Action horror[379],2018
The Marine 6: Close Quarters,James Nunn,"The Miz, Shawn Michaels, Becky Lynch",United States,,2018
Master Z: The Ip Man Legacy,Yuen Woo-ping,"Zhang Jin, Dave Bautista, Liu Yan, Xing Yu, Michelle Yeoh, Tony Jaa",Hong Kong China,Martial arts film,2018
Maze Runner: The Death Cure,Wes Ball,"Dylan O'Brien, Thomas Brodie-Sangster, Katherine McNamara",United States,[380],2018
The Meg,Jon Turteltaub,"Jason Statham, Rainn Wilson, Cliff Curtis",United States,[381],2018
Mile 22,Peter Berg,"Mark Wahlberg, John Malkovich, Lauren Cohan, Iko Uwais",United States,[382],2018
Mission: Impossible – Fallout,Christopher McQuarrie,"Tom Cruise, Henry Cavill, Sean Harris",United States,[383],2018
''Nekrotronic'',Kiah Roache-Turner,"Ben O'Toole, Monica Bellucci, Caroline Ford",Australia,[384],2018
The Night Comes for Us,Timo Tjahjanto,"Joe Taslim, Julie Estelle, Iko Uwais, Zack Lee",United States Indonesia,[385],2018
Operation Red Sea,Dante Lam,"Zhang Yi, Huang Jingyu, Hai Qing, Michelle Bai, Zhang Hanyu, Simon Yam, Wang Yanlin",China,,2018
Overlord,Julius Avery,"Jovan Adepo, Wyatt Russell, Mathilde Ollivier",United States,Science fiction action[386],2018
Pacific Rim Uprising,Steven S. DeKnight,"John Boyega, Scott Eastwood, Jing Tian",United States,[387],2018
Peppermint,Pierre Morel,"Jennifer Garner, John Gallagher Jr., John Ortiz",United States,[388],2018
The Predator,Shane Black,"Boyd Holbrook, Olivia Munn, Trevante Rhodes",United States,[389],2018
Rampage,Brad Peyton,"Dwayne Johnson, Naomie Harris, Jeffrey Dean Morgan",United States,[390],2018
Ready Player One,Steven Spielberg,"Tye Sheridan, Ben Mendelsohn, Simon Pegg",United States,[391],2018
Robin Hood,Otto Bathurst,"Taron Egerton, Jamie Foxx, Ben Mendelsohn, Jamie Dornan",United States,[392],2018
Sicario: Day of the Soldado,Stefano Sollima,"Benicio Del Toro, Josh Brolin, Catherine Keener",United States,[393],2018
Skyscraper,Rawson Marshall Thurber,"Dwayne Johnson, Neve Campbell, Roland Møller",United States,[394],2018
Solo: A Star Wars Story,Ron Howard,"Alden Ehrenreich, Emilia Clarke, Donald Glover, Woody Harrelson",United States,[395],2018
Spider-Man: Into the Spider-Verse,"Bob Persichetti, Peter Ramsey, Rodney Rothman","Shameik Moore, Jake Johnson, Hailee Steinfeld",United States,Animated superhero[396],2018
Take Point,Kim Byung-woo,"Lee Sung-kyung, Jennifer Ehle, Kevin Durand",South Korea,,2018
Tomb Raider,Roar Uthaug,"Alicia Vikander, Walton Goggins, Daniel Wu",United States United Kingdom,[397],2018
Upgrade,Leigh Whannell,"Logan Marshall-Green, Harrison Gilbertson, Benedict Hardie",United States,[398],2018
Venom,Ruben Fleischer,"Tom Hardy, Michelle Williams, Riz Ahmed",United States,[399],2018
The Witch: Part 1. The Subversion,Park Hoon-jung,"Kim Da-mi, Jo Min-su, Choi Woo-sik",South Korea,Mystery action film,2018
Alita: Battle Angel,Robert Rodriguez,"Rosa Salazar, Christoph Waltz, Mahershala Ali,",United States,,2019
Angel Has Fallen,Ric Roman Waugh,"Gerard Butler, Morgan Freeman, Danny Huston, Nick Nolte, Piper Perabo, Jada Pinkett Smith, Lance Reddick",United States,,2019
Anna,Luc Besson,"Sasha Luss, Luke Evans, Cillian Murphy, Helen Mirren",France United States,,2019
Ashfall,Lee Hae-jun,"Lee Byung-hun, Ha Jung-woo, Ma Dong-seok",South Korea,,2019
Avengement,Jesse V. Johnson,"Scott Adkins, Craig Fairbrass, Thomas Turgoose, Nick Moran, Kierston Wareing, Leo Gregory, Louis Mandylor",United Kingdom,,2019
Avengers: Endgame,Anthony and Joseph Russo,"Robert Downey Jr., Chris Evans, Chris Hemsworth, Scarlett Johansson, Mark Ruffalo, Jeremy Renner, Brie Larson, Paul Rudd, Karen Page, Josh Brolin",United States,,2019
Bahad,Bryan Wong,"Bryan Wong, Marvin Lim, Agusto Libuton, Ron Ron Makarunggala, Rod John Ferolino, Mark Dueñas, Cherwin Panimbatan, Rhodum Sagario, Gene Bayer, Jay Tabligan",Philippines,,2019
Captain Marvel,"Anna Boden, Ryan Fleck","Brie Larson, Samuel L. Jackson, Jude Law",United States,,2019
Captive State,Rupert Wyatt,"John Goodman, Ashton Sanders, Vera Farmiga",United States,,2019
Dark Phoenix,Simon Kinberg,"James McAvoy, Michael Fassbender, Jennifer Lawrence, Nicholas Hoult, Sophie Turner, Tye Sheridan",United States,,2019
Escape Plan: The Extractors,John Herzfeld,"Sylvester Stallone, Dave Bautista, 50 Cent, Jaime King, Zhang Jin",United States,,2019
Exit Point,Ronn Rick,"Ronnie Ricketts, Jackie Lou Blanco, Alvin Anson, Raechelle Ricketts, Edgar Mande, Renzo Cruz, Jerico Estregan, Joachim Idinye, Sung Joon Park, Natalia Moon",Philippines,,2019
Foxtrot Six,Randy Korompis,"Oka Antara, Verdi Solaiman, Chicco Jerhiko, Julie Estelle",Indonesia United States,,2019
Furie,Lê Văn Tiết,"Veronica Ngo, Lê Bình, Pham Anh Khoa",Vietnam,,2019
"The Gangster, The Cop, The Devil",Lee Won-tae,"Ma Dong-seok, Kim Mu-yeol, Kim Sung-kyu",South Korea,,2019
Gemini Man,Ang Lee,"Will Smith, Benedict Wong, Clive Owen",United States,,2019
Godzilla: King of the Monsters,Michael Dougherty,"Kyle Chandler, Vera Farmiga, Millie Bobby Brown, Ken Watanabe",United States,,2019
Hellboy,Neil Marshall,"David Harbour, Milla Jovovich, Ian McShane",United States,,2019
Hit & Run,Ody C. Harahap,"Joe Taslim, Chandra Liow, Tatjana Saphira, Jefri Nichol, Nadya Arina, Yayan Ruhian, Reza Aditya, Qausar Harta Yudana, Peter Taslim, Simone Julia, David Hendrawan, Novi Rahmat Hidayat, Karina Suwandhi, Mathias Muchus, Caitlin North Lewis, Tika Panggabean, Aufa Assagaf, Dayu Wijanto, Mardiyono “Mardi” Sulaiman and Tanta Ginting",Indonesia and South Korea,,2019
Hobbs & Shaw,David Leitch,"Jason Statham, Dwayne Johnson, Idris Elba",United States,,2019
How to Train Your Dragon: The Hidden World,Dean DeBlois,"Jay Baruchel, America Ferrera, Cate Blanchett, Craig Ferguson, Jonah Hill, Kit Harington",United States,,2019
The Informer,Andrea Di Stefano,"Joel Kinnaman, Rosamund Pike, Clive Owen, Common, Ana de Armas",United Kingdom,,2019
Ip Man 4: The Finale,Wilson Yip,"Donnie Yen, Scott Adkins, Vanness Wu",Hong Kong,,2019
John Wick: Chapter 3 – Parabellum,Chad Stahelski,"Keanu Reeves, Halle Berry, Laurence Fishburne, Ian McShane, Mark Dacascos, Lance Reddick",United States,,2019
Maria,Pedring Lopez,"Cristine Reyes, Germaine De Leon, KC Montero",Philippines,,2019
Men in Black: International,F. Gary Gray,"Chris Hemsworth, Tessa Thompson, Liam Neeson",United States,,2019
The Mercenary,Jesse V. Johnson,"Dominique Vandenberg, Louis Mandylor, Carmen Argenziano",United States,,2019
Miss Bala,Catherine Hardwicke,"Gina Rodriguez, Anthony Mackie",United States,,2019
No Mercy,Im Gyeong-taek,"Lee Si-young, Park Se-wan, Choi Jin-ho",South Korea,,2019
Rambo: Last Blood,Adrian Grunberg,"Sylvester Stallone, Adriana Barraza, Paz Vega, Yvette Monreal, Sergio Peris-Mencheta, Óscar Jaenada, Joaquín Cosío",United States,,2019
Shazam!,David F. Sandberg,"Zachary Levi, Asher Angel, Jack Dylan Grazer, Mark Strong",United States,,2019
Spider-Man: Far From Home,Jon Watts,"Tom Holland, Samuel L. Jackson, Jake Gyllenhaal",United States,,2019
Star Wars: The Rise of Skywalker,J. J. Abrams,"Adam Driver, Daisy Ridley, John Boyega, Oscar Isaac",United States,,2019
Stuber,Michael Dowse,"Dave Bautista, Kumail Nanjiani, Iko Uwais, Karen Gillan",United States,,2019
Terminator: Dark Fate,Tim Miller,"Linda Hamilton, Arnold Schwarzenegger, Mackenzie Davis, Natalia Reyes, Gabriel Luna, Diego Boneta",United States,,2019
Triple Threat,Jesse V. Johnson,"Celina Jade, Iko Uwais, Michael Bisping, Michael Jai White, Scott Adkins, Tiger Chen, Tony Jaa,",United States Thailand,,2019
The White Storm 2 - Drug Lords,Herman Yau,"Andy Lau, Louis Koo, Michael Miu",Hong Kong,,2019
