;;ALTRE;BENZINA;BENZINA E GAS LIQUIDO;BENZINA E METANO;ELETTRICITA;GASOLIO;GASOLIO E GAS;IBRIDO BENZINA;IBRIDO GASOLIO;METANO;NON DEFINITO;Somma:
BOLOGNA;ALTO RENO TERME;-;2.271;453;214;17;1.697;-;264;16;18;-;4.950
BOLOGNA;ANZOLA DELL'EMILIA;-;3.069;996;479;49;2.941;-;502;69;133;-;8.238
BOLOGNA;ARGELATO;-;2.634;1.002;317;41;2.399;-;459;71;84;-;7.007
BOLOGNA;BARICELLA;-;1.521;614;409;17;1.873;-;182;21;87;-;4.724
BOLOGNA;BENTIVOGLIO;-;1.333;546;283;29;1.515;-;235;40;67;-;4.048
BOLOGNA;BOLOGNA;-;89.211;23.822;9.605;1.645;59.802;-;20.249;1.899;2.407;9;208.649
BOLOGNA;BORGO TOSSIGNANO;-;725;299;179;5;861;-;56;4;33;-;2.162
BOLOGNA;BUDRIO;-;4.084;1.785;1.095;53;4.542;-;653;76;235;-;12.523
BOLOGNA;CALDERARA DI RENO;-;3.547;1.204;485;52;3.484;-;662;86;157;-;9.677
BOLOGNA;CAMUGNANO;-;650;102;55;6;606;-;54;9;10;-;1.492
BOLOGNA;CASALECCHIO DI RENO;-;9.198;2.441;1.110;207;6.715;-;1.783;291;300;1;22.046
BOLOGNA;CASALFIUMANESE;-;782;324;208;5;933;-;70;10;41;-;2.373
BOLOGNA;CASTEL D'AIANO;1;554;79;35;7;607;-;72;9;4;-;1.368
BOLOGNA;CASTEL DEL RIO;-;354;126;56;1;323;-;16;2;6;-;884
BOLOGNA;CASTEL DI CASIO;-;1.040;230;122;3;900;-;112;12;17;-;2.436
BOLOGNA;CASTEL GUELFO DI BOLOGNA;-;877;403;300;19;1.284;-;147;31;70;-;3.131
BOLOGNA;CASTELLO D'ARGILE;-;1.583;626;223;21;1.749;-;212;29;60;-;4.503
BOLOGNA;CASTEL MAGGIORE;-;5.018;1.751;626;109;3.988;-;1.107;107;183;1;12.890
BOLOGNA;CASTEL SAN PIETRO TERME;-;4.765;1.897;1.213;87;4.854;-;778;115;282;1;13.992
BOLOGNA;CASTENASO;1;4.544;1.538;817;127;3.803;-;1.010;179;273;-;12.292
BOLOGNA;CASTIGLIONE DEI PEPOLI;-;1.765;203;150;11;1.601;-;143;21;23;-;3.917
BOLOGNA;CREVALCORE;-;3.297;1.001;511;66;3.799;-;378;48;97;-;9.197
BOLOGNA;DOZZA;-;1.501;589;358;20;1.654;-;219;22;80;-;4.443
BOLOGNA;FONTANELICE;-;499;219;103;-;553;-;35;3;32;-;1.444
BOLOGNA;GAGGIO MONTANO;-;1.597;295;141;5;1.452;-;155;26;9;-;3.680
BOLOGNA;GALLIERA;-;1.274;584;288;16;1.753;-;146;13;71;1;4.146
BOLOGNA;GRANAROLO DELL'EMILIA;1;3.325;1.172;490;98;3.222;-;822;196;152;-;9.478
BOLOGNA;GRIZZANA MORANDI;-;1.093;286;140;5;1.015;-;111;5;23;-;2.678
BOLOGNA;IMOLA;-;16.806;6.329;3.107;281;17.112;-;2.378;300;765;1;47.079
BOLOGNA;LIZZANO IN BELVEDERE;-;789;172;61;9;578;-;62;8;10;-;1.689
BOLOGNA;LOIANO;-;1.232;346;179;1;1.178;-;175;9;33;-;3.153
BOLOGNA;MALALBERGO;-;1.864;777;445;29;2.397;-;284;55;131;-;5.982
BOLOGNA;MARZABOTTO;-;1.604;512;330;14;1.713;-;216;27;65;-;4.481
BOLOGNA;MEDICINA;-;3.217;1.549;1.292;73;4.275;-;487;70;264;-;11.227
BOLOGNA;MINERBIO;1;2.052;830;482;39;2.171;-;352;30;105;-;6.062
BOLOGNA;MOLINELLA;1;3.330;1.295;1.020;44;4.226;-;387;64;268;-;10.635
BOLOGNA;MONGHIDORO;-;1.173;292;125;7;1.094;-;144;9;20;-;2.864
BOLOGNA;MONTERENZIO;-;1.337;667;300;20;1.670;-;208;23;54;-;4.279
BOLOGNA;MONTE SAN PIETRO;-;2.857;945;492;54;2.753;-;546;66;139;-;7.852
BOLOGNA;MONZUNO;1;1.560;468;307;16;1.823;-;221;22;44;-;4.462
BOLOGNA;MORDANO;-;981;504;288;14;1.400;-;106;11;49;-;3.353
BOLOGNA;NON DEFINITO BO;-;14;-;-;-;4;-;-;-;-;-;18
BOLOGNA;OZZANO DELL'EMILIA;-;3.487;1.296;651;52;2.946;-;696;70;172;-;9.370
BOLOGNA;PIANORO;1;4.667;1.389;584;91;3.620;-;980;78;146;1;11.557
BOLOGNA;PIEVE DI CENTO;1;1.787;671;263;29;1.756;-;223;38;60;-;4.828
BOLOGNA;SALA BOLOGNESE;-;1.988;828;273;36;2.259;-;360;56;57;-;5.857
BOLOGNA;SAN GIORGIO DI PIANO;-;2.172;753;323;33;2.157;-;388;58;105;1;5.990
BOLOGNA;SAN GIOVANNI IN PERSICETO;-;6.966;2.152;1.080;102;6.835;-;986;119;254;-;18.494
BOLOGNA;SAN LAZZARO DI SAVENA;1;8.633;2.473;1.046;170;5.896;-;1.979;218;310;1;20.727
BOLOGNA;SAN PIETRO IN CASALE;1;2.696;1.132;566;37;3.110;-;384;51;124;-;8.101
BOLOGNA;SANT'AGATA BOLOGNESE;-;1.945;570;279;19;1.939;-;226;20;59;-;5.057
BOLOGNA;SASSO MARCONI;-;4.209;1.070;678;70;3.417;-;723;80;124;-;10.371
BOLOGNA;S.BENEDETTO VAL DI SAMBRO;1;1.382;224;129;8;1.241;-;169;16;16;-;3.186
BOLOGNA;VALSAMOGGIA;-;7.947;2.692;1.525;112;8.332;-;1.046;195;334;-;22.183
BOLOGNA;VERGATO;-;1.918;452;200;12;1.983;-;166;12;48;-;4.791
BOLOGNA;ZOLA PREDOSA;1;5.329;1.452;732;92;4.293;-;966;106;202;-;13.173
FERRARA;ARGENTA;1;4.601;1.759;1.281;46;6.101;-;411;79;313;-;14.592
FERRARA;BONDENO;-;3.739;1.357;530;20;4.196;-;350;44;104;-;10.340
FERRARA;CENTO;-;9.491;3.148;1.109;74;9.357;-;975;125;286;-;24.565
FERRARA;CODIGORO;1;2.649;1.036;597;9;3.494;-;190;48;120;-;8.144
FERRARA;COMACCHIO;-;5.667;1.806;630;41;6.403;-;484;91;149;1;15.272
FERRARA;COPPARO;-;3.532;1.813;824;25;4.995;-;304;49;150;-;11.692
FERRARA;FERRARA;1;34.883;11.324;4.126;363;29.197;-;4.559;688;959;-;86.100
FERRARA;FISCAGLIA;-;1.814;837;579;12;2.670;-;124;32;118;1;6.187
FERRARA;GORO;-;577;163;87;3;1.185;-;54;25;28;-;2.122
FERRARA;JOLANDA DI SAVOIA;-;543;295;156;3;925;-;27;5;29;-;1.983
FERRARA;LAGOSANTO;1;1.063;437;134;6;1.436;-;57;22;34;-;3.190
FERRARA;MASI TORELLO;-;530;200;77;4;629;-;65;5;17;-;1.527
FERRARA;MESOLA;-;1.578;556;373;11;2.381;-;86;26;93;-;5.104
FERRARA;NON DEFINITO FE;-;7;3;1;-;10;-;-;-;-;-;21
FERRARA;OSTELLATO;-;1.244;579;368;8;1.854;-;80;15;61;-;4.209
FERRARA;POGGIO RENATICO;-;2.017;835;540;27;2.558;-;255;40;160;1;6.433
FERRARA;PORTOMAGGIORE;1;2.457;920;615;24;3.016;-;217;46;216;-;7.512
FERRARA;RIVA DEL PO;-;1.682;776;364;17;2.712;-;122;18;76;1;5.768
FERRARA;TERRE DEL RENO;2;2.531;917;346;11;2.981;-;247;34;81;-;7.150
FERRARA;TRESIGNANA;-;1.530;754;317;7;2.380;-;121;20;57;-;5.186
FERRARA;VIGARANO MAINARDA;-;1.993;789;291;21;2.046;-;255;32;89;-;5.516
FERRARA;VOGHIERA;-;825;361;176;10;975;-;90;11;40;-;2.488
FORLI'-CESENA;BAGNO DI ROMAGNA;-;1.506;303;60;7;1.969;-;101;21;14;-;3.981
FORLI'-CESENA;BERTINORO;-;2.836;1.078;411;29;3.332;-;274;43;96;-;8.099
FORLI'-CESENA;BORGHI;-;733;298;174;3;991;-;58;5;28;-;2.290
FORLI'-CESENA;CASTROCARO TERME T.D.SOLE;-;1.682;625;238;11;1.734;-;154;26;36;-;4.506
FORLI'-CESENA;CESENA;1;24.080;8.407;3.676;336;24.779;-;2.864;404;848;1;65.396
FORLI'-CESENA;CESENATICO;2;6.456;2.219;1.034;92;7.003;-;651;116;248;-;17.821
FORLI'-CESENA;CIVITELLA DI ROMAGNA;-;900;276;134;5;1.171;-;58;10;30;-;2.584
FORLI'-CESENA;DOVADOLA;-;421;171;43;-;402;-;28;1;3;-;1.069
FORLI'-CESENA;FORLI';2;29.883;10.189;3.906;326;28.637;-;3.258;588;756;1;77.546
FORLI'-CESENA;FORLIMPOPOLI;-;3.392;1.123;531;40;3.563;-;321;46;105;1;9.122
FORLI'-CESENA;GALEATA;-;553;168;30;4;764;-;41;10;3;-;1.573
FORLI'-CESENA;GAMBETTOLA;-;2.504;902;567;20;3.063;-;218;49;132;-;7.455
FORLI'-CESENA;GATTEO;-;2.123;818;373;18;2.815;-;200;35;81;-;6.463
FORLI'-CESENA;LONGIANO;-;1.640;682;304;34;2.242;-;177;28;49;-;5.156
FORLI'-CESENA;MELDOLA;1;2.521;907;395;20;2.938;-;229;22;59;-;7.092
FORLI'-CESENA;MERCATO SARACENO;-;1.334;547;185;13;2.419;-;113;19;46;-;4.676
FORLI'-CESENA;MODIGLIANA;-;1.285;283;136;6;1.121;-;81;16;21;-;2.949
FORLI'-CESENA;MONTIANO;1;399;150;94;6;480;-;37;1;10;-;1.178
FORLI'-CESENA;NON DEFINITO FC;-;10;4;1;-;5;-;-;-;-;-;20
FORLI'-CESENA;PORTICO E SAN BENEDETTO;-;189;42;13;1;207;-;7;1;3;-;463
FORLI'-CESENA;PREDAPPIO;-;1.692;482;173;10;1.809;-;106;34;33;-;4.339
FORLI'-CESENA;PREMILCUORE;-;195;38;17;1;236;-;9;2;-;-;498
FORLI'-CESENA;ROCCA SAN CASCIANO;-;422;134;44;3;531;-;20;4;7;-;1.165
FORLI'-CESENA;RONCOFREDDO;-;779;334;104;8;1.184;-;74;13;18;-;2.514
FORLI'-CESENA;SAN MAURO PASCOLI;-;2.915;1.041;390;42;3.424;-;248;37;96;-;8.193
FORLI'-CESENA;SANTA SOFIA;1;1.136;280;95;13;1.247;-;68;12;8;-;2.860
FORLI'-CESENA;SARSINA;-;719;206;63;14;1.181;-;54;8;19;-;2.264
FORLI'-CESENA;SAVIGNANO SUL RUBICONE;1;4.444;1.554;727;39;5.126;-;393;49;143;-;12.476
FORLI'-CESENA;SOGLIANO AL RUBICONE;-;770;278;108;3;1.105;-;46;10;11;-;2.331
FORLI'-CESENA;TREDOZIO;-;311;71;26;-;349;-;30;4;5;-;796
FORLI'-CESENA;VERGHERETO;-;420;76;12;3;733;-;34;3;3;-;1.284
MODENA;BASTIGLIA;-;951;421;116;14;1.219;-;142;22;10;-;2.895
MODENA;BOMPORTO;-;2.531;898;287;32;3.031;-;312;55;47;-;7.193
MODENA;CAMPOGALLIANO;-;2.197;916;236;49;2.301;-;292;48;45;-;6.084
MODENA;CAMPOSANTO;-;721;277;87;5;1.041;-;75;8;16;-;2.230
MODENA;CARPI;-;19.193;5.579;1.573;285;16.577;-;2.625;451;380;-;46.663
MODENA;CASTELFRANCO EMILIA;-;8.249;2.932;1.184;88;8.596;-;1.176;119;275;-;22.619
MODENA;CASTELNUOVO RANGONE;-;3.886;1.159;494;93;3.836;-;681;98;98;-;10.345
MODENA;CASTELVETRO DI MODENA;-;2.927;851;377;53;3.385;-;375;75;63;-;8.106
MODENA;CAVEZZO;-;1.735;459;212;25;2.123;-;186;25;50;-;4.815
MODENA;CONCORDIA SULLA SECCHIA;-;2.265;513;181;27;2.574;-;200;42;36;-;5.838
MODENA;FANANO;-;828;234;72;8;976;-;97;8;8;-;2.231
MODENA;FINALE EMILIA;-;3.845;1.285;435;25;4.646;-;342;67;99;-;10.744
MODENA;FIORANO MODENESE;-;5.072;1.171;390;57;5.331;-;528;110;101;-;12.760
MODENA;FIUMALBO;-;429;33;3;2;436;-;39;4;-;-;946
MODENA;FORMIGINE;-;9.967;2.680;894;148;8.933;-;1.373;201;204;-;24.400
MODENA;FRASSINORO;-;550;69;22;1;592;-;49;5;2;-;1.290
MODENA;GUIGLIA;-;1.122;296;123;11;1.413;-;137;16;13;-;3.131
MODENA;LAMA MOCOGNO;-;940;145;26;2;1.065;-;89;8;3;-;2.278
MODENA;MARANELLO;-;5.076;1.221;574;49;4.946;-;526;79;119;-;12.590
MODENA;MARANO SUL PANARO;-;1.475;309;132;18;1.638;-;187;23;27;1;3.810
MODENA;MEDOLLA;-;1.538;418;249;22;1.958;-;191;41;69;-;4.486
MODENA;MIRANDOLA;-;6.758;1.692;559;97;7.786;-;724;140;150;-;17.906
MODENA;MODENA;2;52.955;15.041;4.935;841;40.281;1;8.840;1.255;1.090;1;125.242
MODENA;MONTECRETO;-;268;56;9;1;351;-;19;5;2;-;711
MODENA;MONTEFIORINO;-;584;88;28;5;765;-;62;6;3;-;1.541
MODENA;MONTESE;-;1.110;171;60;7;1.097;-;83;12;12;-;2.552
MODENA;NONANTOLA;-;3.768;1.663;544;54;4.183;-;550;68;126;-;10.956
MODENA;NON DEFINITO MO;-;13;-;-;-;2;-;-;-;-;-;15
MODENA;NOVI DI MODENA;-;2.524;843;247;37;2.827;-;242;46;55;-;6.821
MODENA;PALAGANO;-;579;82;18;2;849;-;55;6;6;-;1.597
MODENA;PAVULLO NEL FRIGNANO;1;5.527;986;171;37;6.278;-;481;83;26;-;13.590
MODENA;PIEVEPELAGO;-;774;71;13;1;695;-;58;7;-;-;1.619
MODENA;POLINAGO;-;563;93;20;5;551;-;50;7;6;-;1.295
MODENA;PRIGNANO SULLA SECCHIA;-;1.005;227;79;9;1.452;-;86;18;16;-;2.892
MODENA;RAVARINO;-;1.496;626;227;18;1.913;-;193;23;54;-;4.550
MODENA;RIOLUNATO;-;256;32;6;-;243;-;22;3;1;-;563
MODENA;SAN CESARIO SUL PANARO;-;1.680;635;279;26;1.775;-;242;47;61;1;4.746
MODENA;SAN FELICE SUL PANARO;-;2.700;837;270;23;3.403;-;255;63;71;-;7.622
MODENA;SAN POSSIDONIO;-;984;252;64;7;1.046;-;62;6;19;1;2.441
MODENA;SAN PROSPERO;-;1.451;535;209;16;1.966;-;163;33;33;-;4.406
MODENA;SASSUOLO;2;12.445;2.541;858;147;12.009;1;1.409;221;190;1;29.824
MODENA;SAVIGNANO SUL PANARO;-;2.339;698;357;28;2.665;-;283;45;69;-;6.484
MODENA;SERRAMAZZONI;-;2.312;665;192;12;3.242;-;282;26;31;-;6.762
MODENA;SESTOLA;-;699;144;24;8;936;-;82;11;11;-;1.915
MODENA;SOLIERA;-;3.892;1.435;394;67;4.249;-;606;69;84;1;10.797
MODENA;SPILAMBERTO;-;3.223;994;595;52;3.386;-;438;70;133;-;8.891
MODENA;VIGNOLA;-;6.657;1.731;727;92;7.225;-;804;158;144;-;17.538
MODENA;ZOCCA;-;1.337;263;117;7;1.562;-;156;20;16;-;3.478
PARMA;ALBARETO;-;741;125;205;1;573;-;42;5;31;-;1.723
PARMA;BARDI;1;883;64;52;1;747;-;44;2;6;-;1.800
PARMA;BEDONIA;-;1.056;127;164;2;885;-;62;6;28;-;2.330
PARMA;BERCETO;1;572;125;76;1;607;-;49;9;11;-;1.451
PARMA;BORE;-;213;44;19;-;193;-;11;1;3;-;484
PARMA;BORGO VAL DI TARO;-;1.976;327;499;14;1.705;-;125;17;90;-;4.753
PARMA;BUSSETO;1;1.710;332;138;10;2.151;-;114;29;32;-;4.517
PARMA;CALESTANO;-;485;133;96;2;685;-;38;9;20;-;1.468
PARMA;COLLECCHIO;2;3.763;1.047;710;60;3.917;-;545;78;146;-;10.268
PARMA;COLORNO;-;2.328;636;318;29;2.507;1;228;48;59;-;6.154
PARMA;COMPIANO;-;375;51;59;1;327;-;20;10;8;-;851
PARMA;CORNIGLIO;-;448;97;75;-;690;-;46;8;17;-;1.381
PARMA;FELINO;-;2.234;549;475;38;2.587;-;274;37;103;-;6.297
PARMA;FIDENZA;-;6.089;1.592;1.385;56;7.097;-;559;105;250;-;17.133
PARMA;FONTANELLATO;-;1.729;436;334;14;2.230;-;160;30;72;-;5.005
PARMA;FONTEVIVO;-;1.418;419;319;15;1.611;-;135;34;70;-;4.021
PARMA;FORNOVO DI TARO;1;1.371;317;419;17;1.810;-;157;17;58;-;4.167
PARMA;LANGHIRANO;1;2.479;600;532;27;3.252;-;284;55;123;-;7.353
PARMA;LESIGNANO DE BAGNI;-;1.223;416;340;12;1.674;-;168;35;67;-;3.935
PARMA;MEDESANO;3;2.697;663;625;21;3.577;-;267;45;117;-;8.015
PARMA;MONCHIO DELLE CORTI;-;230;30;27;2;316;-;23;2;3;-;633
PARMA;MONTECHIARUGOLO;-;2.594;831;711;45;2.976;-;345;61;148;1;7.712
PARMA;NEVIANO DEGLI ARDUINI;-;873;197;272;3;1.254;-;78;10;44;-;2.731
PARMA;NOCETO;1;3.280;862;747;46;3.685;-;376;59;162;-;9.218
PARMA;NON DEFINITO PR;-;14;1;4;-;10;-;-;-;-;-;29
PARMA;PALANZANO;-;292;45;42;-;400;-;21;3;7;1;811
PARMA;PARMA;6;50.356;14.166;8.234;845;40.163;-;7.983;1.127;1.911;-;124.791
PARMA;PELLEGRINO PARMENSE;-;314;59;66;2;306;-;12;2;6;-;767
PARMA;POLESINE ZIBELLO;1;886;181;65;8;1.050;-;65;9;25;-;2.290
PARMA;ROCCABIANCA;-;789;215;128;11;1.047;-;61;13;25;-;2.289
PARMA;SALA BAGANZA;-;1.417;367;289;20;1.606;-;190;32;54;-;3.975
PARMA;SALSOMAGGIORE TERME;1;5.269;1.276;1.159;56;5.323;-;414;87;199;-;13.784
PARMA;SAN SECONDO PARMENSE;1;1.298;376;235;14;1.705;-;153;20;67;-;3.869
PARMA;SISSA TRECASALI;-;1.984;537;353;18;2.429;-;223;24;114;-;5.682
PARMA;SOLIGNANO;-;408;112;104;4;573;-;27;10;28;-;1.266
PARMA;SORAGNA;-;1.117;303;207;12;1.537;-;100;24;43;-;3.343
PARMA;SORBOLO MEZZANI;-;3.342;1.001;509;52;3.436;-;394;53;96;-;8.883
PARMA;TERENZO;-;290;77;91;-;396;-;23;5;12;-;894
PARMA;TIZZANO VAL PARMA;-;557;111;95;4;785;-;50;8;21;-;1.631
PARMA;TORNOLO;-;317;45;60;-;284;-;11;4;7;-;728
PARMA;TORRILE;-;1.889;639;290;22;2.189;-;252;50;65;-;5.396
PARMA;TRAVERSETOLO;-;2.174;595;644;23;2.788;-;267;57;111;-;6.659
PARMA;VALMOZZOLA;-;140;40;39;2;187;-;12;-;4;-;424
PARMA;VARANO DE' MELEGARI;1;777;159;183;3;923;-;57;13;32;-;2.148
PARMA;VARSI;-;397;62;64;1;439;-;15;6;6;-;990
PIACENZA;AGAZZANO;-;531;155;32;4;632;-;37;8;5;-;1.404
PIACENZA;ALSENO;-;1.259;324;211;9;1.559;-;100;17;32;-;3.511
PIACENZA;ALTA VAL TIDONE;1;973;108;26;5;967;-;78;19;6;-;2.183
PIACENZA;BESENZONE;-;219;60;25;1;369;-;15;1;4;-;694
PIACENZA;BETTOLA;-;830;203;31;2;804;-;62;6;11;-;1.949
PIACENZA;BOBBIO;1;1.077;169;35;3;964;-;83;16;13;-;2.361
PIACENZA;BORGONOVO VAL TIDONE;-;2.181;370;105;15;2.319;-;168;26;16;-;5.200
PIACENZA;CADEO;-;1.564;418;170;8;1.949;-;148;23;34;-;4.314
PIACENZA;CALENDASCO;-;668;193;58;9;731;1;67;13;9;-;1.749
PIACENZA;CAORSO;-;1.188;315;113;17;1.491;-;126;39;20;-;3.309
PIACENZA;CARPANETO PIACENTINO;-;2.021;457;193;14;2.469;-;172;35;43;-;5.404
PIACENZA;CASTELL'ARQUATO;1;1.228;261;127;17;1.565;-;112;24;20;-;3.355
PIACENZA;CASTEL SAN GIOVANNI;-;3.733;559;189;20;3.950;-;367;48;40;-;8.906
PIACENZA;CASTELVETRO PIACENTINO;-;1.664;217;63;17;1.637;-;162;32;21;-;3.813
PIACENZA;CERIGNALE;-;38;7;2;-;29;-;-;-;2;-;78
PIACENZA;COLI;-;291;67;15;2;272;-;17;2;4;-;670
PIACENZA;CORTE BRUGNATELLA;-;189;18;2;1;223;-;15;4;1;-;453
PIACENZA;CORTEMAGGIORE;-;1.037;257;88;14;1.456;-;101;15;18;-;2.986
PIACENZA;FARINI;-;385;40;11;-;406;-;25;-;3;-;870
PIACENZA;FERRIERE;-;383;47;8;1;408;-;26;7;-;-;880
PIACENZA;FIORENZUOLA D'ARDA;-;3.810;818;446;33;4.204;-;322;59;74;-;9.766
PIACENZA;GAZZOLA;-;536;174;39;12;697;-;83;23;12;-;1.576
PIACENZA;GOSSOLENGO;-;1.621;535;136;16;1.417;-;228;28;22;-;4.003
PIACENZA;GRAGNANO TREBBIENSE;-;1.164;366;104;14;1.366;-;102;19;22;-;3.157
PIACENZA;GROPPARELLO;-;714;163;52;4;706;-;50;4;6;-;1.699
PIACENZA;LUGAGNANO VAL D'ARDA;-;1.047;240;62;4;1.295;-;60;5;14;-;2.727
PIACENZA;MONTICELLI D'ONGINA;1;1.415;257;63;9;1.562;-;112;29;11;-;3.459
PIACENZA;MORFASSO;-;301;39;16;1;381;-;17;-;3;-;758
PIACENZA;NON DEFINITO PC;-;12;-;-;-;6;-;-;-;-;-;18
PIACENZA;OTTONE;-;151;12;1;-;135;-;12;1;-;-;312
PIACENZA;PIACENZA;3;29.180;6.640;1.982;374;23.038;-;3.607;534;338;1;65.697
PIACENZA;PIANELLO VAL TIDONE;-;612;125;29;3;687;-;45;5;4;-;1.510
PIACENZA;PIOZZANO;-;188;50;9;-;239;-;18;1;-;-;505
PIACENZA;PODENZANO;-;2.510;748;193;27;2.503;-;312;64;36;-;6.393
PIACENZA;PONTE DELL'OLIO;-;1.277;309;66;7;1.323;-;105;7;16;-;3.110
PIACENZA;PONTENURE;-;1.634;463;116;30;1.862;-;183;31;27;-;4.346
PIACENZA;RIVERGARO;-;1.797;529;165;14;2.139;-;204;41;30;-;4.919
PIACENZA;ROTTOFRENO;-;3.392;870;257;19;3.283;-;363;52;46;-;8.282
PIACENZA;SAN GIORGIO PIACENTINO;-;1.505;446;116;14;1.661;-;188;24;32;-;3.986
PIACENZA;SAN PIETRO IN CERRO;-;214;62;24;2;281;-;16;5;2;-;606
PIACENZA;SARMATO;-;831;164;42;10;901;-;82;19;7;-;2.056
PIACENZA;TRAVO;-;691;189;49;5;713;-;64;6;12;-;1.729
PIACENZA;VERNASCA;-;567;122;84;5;711;-;39;5;11;-;1.544
PIACENZA;VIGOLZONE;-;1.146;342;77;7;1.161;-;132;18;14;-;2.897
PIACENZA;VILLANOVA SULL'ARDA;-;470;93;21;6;566;-;52;5;7;-;1.220
PIACENZA;ZERBA;-;30;6;1;1;22;-;1;-;-;-;61
PIACENZA;ZIANO PIACENTINO;-;723;119;42;1;858;-;78;8;4;-;1.833
RAVENNA;ALFONSINE;-;2.649;1.072;886;19;3.546;-;249;47;130;-;8.598
RAVENNA;BAGNACAVALLO;-;3.939;1.556;834;46;5.319;-;346;79;178;-;12.297
RAVENNA;BAGNARA DI ROMAGNA;-;512;225;106;11;708;-;55;3;31;-;1.651
RAVENNA;BRISIGHELLA;-;1.935;639;420;8;2.116;-;149;15;52;1;5.335
RAVENNA;CASOLA VALSENIO;-;744;190;83;-;706;-;34;3;13;-;1.773
RAVENNA;CASTEL BOLOGNESE;-;2.176;756;438;23;2.589;-;225;38;84;-;6.329
RAVENNA;CERVIA;1;7.732;2.415;1.119;99;7.449;-;777;154;286;-;20.032
RAVENNA;CONSELICE;1;2.345;938;479;24;3.080;-;174;41;102;-;7.184
RAVENNA;COTIGNOLA;1;1.796;676;329;16;2.327;-;169;36;68;-;5.418
RAVENNA;FAENZA;2;14.446;4.702;3.145;200;15.918;-;2.043;346;589;-;41.391
RAVENNA;FUSIGNANO;-;2.041;673;440;18;2.387;-;135;28;74;-;5.796
RAVENNA;LUGO;-;8.048;2.573;1.483;89;9.379;-;691;160;356;-;22.779
RAVENNA;MASSA LOMBARDA;-;2.548;958;424;26;3.063;-;190;34;89;-;7.332
RAVENNA;NON DEFINITO RA;-;13;2;1;-;13;-;-;-;-;-;29
RAVENNA;RAVENNA;5;40.796;14.918;7.388;546;43.127;-;4.697;782;1.849;-;114.108
RAVENNA;RIOLO TERME;-;1.350;482;286;11;1.588;-;114;13;48;-;3.892
RAVENNA;RUSSI;-;2.893;1.125;610;38;3.757;-;257;54;122;-;8.856
RAVENNA;SANT'AGATA SUL SANTERNO;-;705;270;131;6;888;-;97;15;25;-;2.137
RAVENNA;SOLAROLO;-;993;345;169;12;1.255;-;151;18;34;-;2.977
REGGIO EMILIA;ALBINEA;-;2.216;858;341;41;2.183;-;359;66;85;-;6.149
REGGIO EMILIA;BAGNOLO IN PIANO;-;2.491;819;293;18;2.347;-;290;34;49;1;6.342
REGGIO EMILIA;BAISO;-;866;222;114;7;1.219;-;76;17;18;-;2.539
REGGIO EMILIA;BIBBIANO;1;2.783;832;515;43;3.196;-;277;44;75;-;7.766
REGGIO EMILIA;BORETTO;-;1.470;380;117;14;1.625;-;123;25;28;-;3.782
REGGIO EMILIA;BRESCELLO;-;1.913;520;255;115;2.237;-;282;41;42;-;5.405
REGGIO EMILIA;CADELBOSCO DI SOPRA;-;2.606;936;349;19;3.055;-;337;43;60;-;7.405
REGGIO EMILIA;CAMPAGNOLA EMILIA;-;1.452;435;86;14;1.367;-;149;26;28;-;3.557
REGGIO EMILIA;CAMPEGINE;-;1.253;456;176;15;1.355;-;131;18;22;-;3.426
REGGIO EMILIA;CANOSSA;-;1.001;325;150;12;1.153;-;114;13;19;-;2.787
REGGIO EMILIA;CARPINETI;1;1.265;293;89;5;1.377;-;133;12;9;-;3.184
REGGIO EMILIA;CASALGRANDE;2;4.970;1.559;646;41;5.976;-;584;88;120;-;13.986
REGGIO EMILIA;CASINA;-;1.246;412;142;10;1.438;-;110;10;20;-;3.388
REGGIO EMILIA;CASTELLARANO;-;3.946;1.061;444;53;4.918;-;470;77;82;-;11.051
REGGIO EMILIA;CASTELNOVO DI SOTTO;-;2.218;694;282;28;2.397;-;177;31;57;-;5.884
REGGIO EMILIA;CASTELNOVO NE' MONTI;-;3.073;667;197;16;3.482;-;246;41;43;-;7.765
REGGIO EMILIA;CAVRIAGO;3;2.511;829;466;28;2.480;-;319;50;67;-;6.753
REGGIO EMILIA;CORREGGIO;1;6.656;2.337;704;102;6.138;-;876;124;164;-;17.102
REGGIO EMILIA;FABBRICO;-;1.454;516;113;11;1.529;-;217;22;32;-;3.894
REGGIO EMILIA;GATTATICO;-;1.481;513;235;23;1.649;-;146;35;43;-;4.125
REGGIO EMILIA;GUALTIERI;-;1.822;443;130;19;1.917;-;140;26;39;-;4.536
REGGIO EMILIA;GUASTALLA;-;4.125;858;213;45;4.007;-;364;72;71;-;9.755
REGGIO EMILIA;LUZZARA;-;2.348;543;101;12;2.274;-;231;40;29;-;5.578
REGGIO EMILIA;MONTECCHIO EMILIA;-;2.889;818;408;20;2.675;-;328;54;70;-;7.262
REGGIO EMILIA;NON DEFINITO RE;-;2;1;1;-;3;-;-;-;-;-;7
REGGIO EMILIA;NOVELLARA;-;3.468;963;306;39;3.482;-;387;50;68;-;8.763
REGGIO EMILIA;POVIGLIO;-;2.068;562;262;19;2.084;-;175;21;46;-;5.237
REGGIO EMILIA;QUATTRO CASTELLA;-;3.153;1.240;572;45;3.351;-;539;78;99;-;9.077
REGGIO EMILIA;REGGIOLO;-;2.512;540;131;30;2.562;-;219;32;36;-;6.062
REGGIO EMILIA;REGGIO NELL'EMILIA;5;46.871;16.039;6.323;1.450;56.473;-;16.747;4.579;1.174;1;149.662
REGGIO EMILIA;RIO SALICETO;-;1.511;476;149;21;1.570;-;187;23;29;-;3.966
REGGIO EMILIA;ROLO;-;887;306;70;6;956;-;107;15;15;-;2.362
REGGIO EMILIA;RUBIERA;-;3.552;1.369;506;36;3.847;-;485;81;93;-;9.969
REGGIO EMILIA;SAN MARTINO IN RIO;-;1.980;761;242;33;2.093;-;224;42;66;-;5.441
REGGIO EMILIA;SAN POLO D'ENZA;1;1.623;478;324;23;1.774;-;165;15;35;-;4.438
REGGIO EMILIA;SANT'ILARIO D'ENZA;-;2.744;881;413;29;2.853;-;326;69;98;-;7.413
REGGIO EMILIA;SCANDIANO;-;6.501;2.275;1.205;67;6.832;-;814;101;198;-;17.993
REGGIO EMILIA;TOANO;-;1.073;206;48;8;1.659;-;87;24;18;-;3.123
REGGIO EMILIA;VENTASSO;-;1.021;223;56;6;1.358;-;90;11;15;-;2.780
REGGIO EMILIA;VETTO;-;512;139;40;5;636;-;45;8;10;-;1.395
REGGIO EMILIA;VEZZANO SUL CROSTOLO;-;940;466;220;13;1.109;-;159;10;28;-;2.945
REGGIO EMILIA;VIANO;-;834;316;175;5;1.121;-;96;10;22;-;2.579
REGGIO EMILIA;VILLA MINOZZO;-;994;196;50;3;1.286;-;64;7;6;-;2.606
RIMINI;BELLARIA IGEA MARINA;-;4.888;1.633;580;55;4.851;-;446;57;160;-;12.670
RIMINI;CASTELDELCI;-;120;20;13;-;132;-;11;1;5;-;302
RIMINI;CATTOLICA;-;5.448;997;339;45;3.606;-;375;71;99;-;10.980
RIMINI;CORIANO;-;2.920;1.084;363;27;2.789;-;277;32;82;-;7.574
RIMINI;GEMMANO;-;312;136;33;3;383;-;17;2;6;-;892
RIMINI;MAIOLO;-;218;55;23;2;272;-;16;3;9;-;598
RIMINI;MISANO ADRIATICO;-;4.154;1.089;445;58;3.567;-;331;72;118;-;9.834
RIMINI;MONDAINO;-;376;113;49;4;519;-;30;4;7;-;1.102
RIMINI;MONTECOPIOLO;-;300;71;9;2;424;-;12;2;4;-;824
RIMINI;MONTEFIORE CONCA;-;652;242;81;7;635;-;39;6;21;-;1.683
RIMINI;MONTEGRIDOLFO;-;266;77;36;2;315;-;30;1;8;-;735
RIMINI;MONTESCUDO-MONTE COLOMBO;-;1.593;729;216;18;1.945;-;136;14;62;-;4.713
RIMINI;MORCIANO DI ROMAGNA;-;1.910;568;230;18;1.896;-;153;24;55;-;4.854
RIMINI;NON DEFINITO RN;-;1;-;-;-;-;-;-;-;-;-;1
RIMINI;NOVAFELTRIA;-;1.871;482;317;9;2.068;-;127;17;58;-;4.949
RIMINI;PENNABILLI;-;774;219;124;1;947;-;55;5;23;-;2.148
RIMINI;POGGIO TORRIANA;-;1.360;513;321;10;1.509;-;119;14;58;-;3.904
RIMINI;RICCIONE;2;11.337;2.483;762;92;7.493;-;795;145;242;1;23.352
RIMINI;RIMINI;4;41.556;13.528;4.187;431;29.603;-;4.238;524;1.108;3;95.182
RIMINI;SALUDECIO;-;920;293;91;14;929;-;56;8;21;-;2.332
RIMINI;SAN CLEMENTE;-;1.520;514;216;24;1.569;-;137;18;64;-;4.062
RIMINI;SAN GIOVANNI IN MARIGNANO;-;3.135;786;278;23;2.324;-;193;35;65;-;6.839
RIMINI;SAN LEO;-;671;189;108;3;897;-;59;9;21;-;1.957
RIMINI;SANT'AGATA FELTRIA;-;553;125;38;2;636;-;52;2;11;-;1.419
RIMINI;SANTARCANGELO DI ROMAGNA;1;5.786;2.032;1.289;68;5.579;-;567;92;305;-;15.719
RIMINI;SASSOFELTRIO;-;403;89;36;2;580;-;25;2;6;-;1.143
RIMINI;TALAMELLO;-;302;79;61;2;310;-;19;1;13;-;787
RIMINI;VERUCCHIO;-;2.507;907;479;16;2.410;-;280;37;121;-;6.757
;Somma:;92;1.150.258;351.889;157.331;15.617;1.136.513;4;159.763;25.082;34.840;40;3.031.429
